,Name,Primary Role,Manufacturer,Country
0,143,Medium Bomber,Avions AmiotÂ ,FranceÂ 
1,2MB1,Light Bomber,Mitsubishi Heavy IndustriesÂ ,JapanÂ 
2,2MR8,Reconnaissance Aircraft,Mitsubishi Heavy IndustriesÂ ,JapanÂ 
3,351/354,Medium Bomber,Avions AmiotÂ ,FranceÂ 
4,A-17,Ground Attack Aircraft,Northrop CorporationÂ ,United StatesÂ 
5,A-20 Havoc,Medium Bomber,Douglas Aircraft CompanyÂ ,United StatesÂ 
6,A-26 Invader,Medium Bomber,Douglas Aircraft CompanyÂ ,United StatesÂ 
7,A-29 Hudson,Medium Bomber,Lockheed CorporationÂ ,United StatesÂ 
8,A-31 Vengeance,Dive Bomber,Vultee Aircraft CorporationÂ ,United StatesÂ 
9,A-36A Mustang,Ground Attack Aircraft,North American AviationÂ ,United StatesÂ 
10,A.W.38 Whitley,Medium Bomber,Armstrong Whitworth AircraftÂ ,United KingdomÂ 
11,A.W.41 Albemarle,Transport,Armstrong Whitworth AircraftÂ ,United KingdomÂ 
12,A2N,Fighter,Nakajima Aircraft CompanyÂ ,JapanÂ 
13,A5M,Fighter,Mitsubishi Heavy IndustriesÂ ,JapanÂ 
14,A6M Zero,Fighter,Mitsubishi Heavy IndustriesÂ ,JapanÂ 
15,A7M Reppu,Fighter,Mitsubishi Heavy IndustriesÂ ,JapanÂ 
16,Albacore,Torpedo Bomber,Fairey AviationÂ ,United KingdomÂ 
17,Anson,Other,AvroÂ ,United KingdomÂ 
18,Ar 195,Torpedo Bomber,Arado FlugzeugwerkeÂ ,GermanyÂ 
19,Ar 196,Seaplane,Arado FlugzeugwerkeÂ ,GermanyÂ 
20,Ar 232,Transport,Arado FlugzeugwerkeÂ ,GermanyÂ 
21,Ar 234 Blitz,Medium Bomber,Arado FlugzeugwerkeÂ ,GermanyÂ 
22,Ar 68,Fighter,Arado FlugzeugwerkeÂ ,GermanyÂ 
23,Ar 95,Seaplane,Arado FlugzeugwerkeÂ ,GermanyÂ 
24,AS.10 Oxford,Other,Airspeed LimitedÂ ,United KingdomÂ 
25,AT-6 Texan,Other,North American AviationÂ ,United StatesÂ 
26,B-10,Medium Bomber,Glenn L. Martin CompanyÂ ,United StatesÂ 
27,B-17 Flying Fortress,Heavy Bomber,The Boeing CompanyÂ ,United StatesÂ 
28,B-18 Bolo,Medium Bomber,Douglas Aircraft CompanyÂ ,United StatesÂ 
29,B-23 Dragon,Medium Bomber,Douglas Aircraft CompanyÂ ,United StatesÂ 
30,B-24 Liberator,Heavy Bomber,Consolidated AircraftÂ ,United StatesÂ 
31,B-25 Mitchell,Medium Bomber,North American AviationÂ ,United StatesÂ 
32,B-26 Marauder,Medium Bomber,Glenn L. Martin CompanyÂ ,United StatesÂ 
33,B-29 Superfortress,Heavy Bomber,The Boeing CompanyÂ ,United StatesÂ 
34,B-32 Dominator,Heavy Bomber,Consolidated AircraftÂ ,United StatesÂ 
35,B-534,Biplane Fighter,AviaÂ ,CzechoslovakiaÂ 
36,B1M,Torpedo Bomber,Mitsubishi Heavy IndustriesÂ ,JapanÂ 
37,B2M,Torpedo Bomber,Mitsubishi Heavy IndustriesÂ ,JapanÂ 
38,B4Y,Torpedo Bomber,Yokosuka Naval Air Technical ArsenalÂ ,JapanÂ 
39,B5M,Torpedo Bomber,Mitsubishi Heavy IndustriesÂ ,JapanÂ 
40,B5N,Torpedo Bomber,Nakajima Aircraft CompanyÂ ,JapanÂ 
41,B6N Tenzan,Torpedo Bomber,Nakajima Aircraft CompanyÂ ,JapanÂ 
42,B7A Ryusei,Dive Bomber,Aichi Kokuki KKÂ ,JapanÂ 
43,Ba 349 Natter,Prototype Aircraft,BachemÂ ,GermanyÂ 
44,Ba.65 Nibbio,Fighter,Societƒ Italiana Ernesto BredaÂ ,ItalyÂ 
45,Barracuda,Dive Bomber,Fairey AviationÂ ,United KingdomÂ 
46,Battle,Light Bomber,Fairey AviationÂ ,United KingdomÂ 
47,Be-4,Seaplane,Beriev OKBÂ ,RussiaÂ 
48,Beaufighter,Heavy Fighter,Bristol Aeroplane CompanyÂ ,United KingdomÂ 
49,Beaufort,Torpedo Bomber,Bristol Aeroplane CompanyÂ ,United KingdomÂ 
50,Bf 108 Taifun,Other,Bayerische Flugzeugwerke AGÂ ,GermanyÂ 
51,Bf 109,Fighter,Messerschmitt AGÂ ,GermanyÂ 
52,Bf 110,Heavy Fighter,Messerschmitt AGÂ ,GermanyÂ 
53,BF2C Goshawk,Biplane Fighter,Curtiss-Wright CorporationÂ ,United StatesÂ 
54,BI,Prototype Aircraft,"OKB-293, Khimki/Bilimbay, RussiaÂ ",RussiaÂ 
55,Blenheim,Medium Bomber,Bristol Aeroplane CompanyÂ ,United KingdomÂ 
56,Bombay,Medium Bomber,Bristol Aeroplane CompanyÂ ,United KingdomÂ 
57,Boomerang,Fighter,Commonwealth Aircraft CorporationÂ ,AustraliaÂ 
58,BR.20 Cicogna,Medium Bomber,FiatÂ ,ItalyÂ 
59,Bre.19,Light Bomber,SociƒÂ©tƒÂ© des Ateliers d'Aviation Louis BrƒÂ©guetÂ ,FranceÂ 
60,BT-13 Valiant,Other,Vultee Aircraft CorporationÂ ,United StatesÂ 
61,BTD Destroyer,Torpedo Bomber,Douglas Aircraft CompanyÂ ,United StatesÂ 
62,BV 138 Seedrache,Seaplane,Blohm & VoƒÂŸÂ ,GermanyÂ 
63,BV 141,Prototype Aircraft,Blohm & VoƒÂŸÂ ,GermanyÂ 
64,BV 222 Wiking,Seaplane,Blohm & VoƒÂŸÂ ,GermanyÂ 
65,BƒÂ¼ 181,Other,BƒÂ¼cker Flugzeugbau GmbHÂ ,GermanyÂ 
66,C-0101,Transport,Â ,ChinaÂ 
67,C-45 Expeditor,Transport,Beech Aircraft CorporationÂ ,United StatesÂ 
68,C-46 Commando,Transport,Curtiss-Wright CorporationÂ ,United StatesÂ 
69,C-47 Skytrain,Transport,Douglas Aircraft CompanyÂ ,United StatesÂ 
70,C-54 Skymaster,Transport,Douglas Aircraft CompanyÂ ,United StatesÂ 
71,C-64 Norseman,Transport,"Noorduyn Aviation Ltd, Montreal, CanadaÂ ",CanadaÂ 
72,C-69 Constellation,Transport,Lockheed CorporationÂ ,United StatesÂ 
73,C-75 Stratoliner,Transport,The Boeing CompanyÂ ,United StatesÂ 
74,C.200 Saetta,Fighter,Aeronautica MacchiÂ ,ItalyÂ 
75,C.202 Folgore,Fighter,Aeronautica MacchiÂ ,ItalyÂ 
76,C.205 Veltro,Fighter,Aeronautica MacchiÂ ,ItalyÂ 
77,C6N Saiun,Reconnaissance Aircraft,Nakajima Aircraft CompanyÂ ,JapanÂ 
78,Ca.111,Reconnaissance Aircraft,CaproniÂ ,ItalyÂ 
79,Ca.133,Reconnaissance Aircraft,CaproniÂ ,ItalyÂ 
80,Ca.309 Ghibli,Transport,CaproniÂ ,ItalyÂ 
81,Ca.331 Raffica,Prototype Aircraft,CaproniÂ ,ItalyÂ 
82,CG-4A,Glider,Weaver Aircraft CompanyÂ ,United StatesÂ 
83,CR.25,Reconnaissance Aircraft,FiatÂ ,ItalyÂ 
84,CR.32,Biplane Fighter,FiatÂ ,ItalyÂ 
85,CR.42 Falco,Biplane Fighter,FiatÂ ,ItalyÂ 
86,CW-21,Fighter,Curtiss-Wright CorporationÂ ,United StatesÂ 
87,D.500,Fighter,Constructions AƒÂ©ronautiques ƒÂ‰mile DewoitineÂ ,FranceÂ 
88,D.520,Fighter,Constructions AƒÂ©ronautiques ƒÂ‰mile DewoitineÂ ,FranceÂ 
89,D.XXI,Fighter,FokkerÂ ,NetherlandsÂ 
90,D3A,Dive Bomber,Aichi Kokuki KKÂ ,JapanÂ 
91,D4Y Suisei,Dive Bomber,Yokosuka Naval Air Technical ArsenalÂ ,JapanÂ 
92,DB-3/Il-4,Medium Bomber,IlyushinÂ ,RussiaÂ 
93,DFS 230,Glider,Deutsche Forschungsanstalt fƒÂ¼r SegelflugÂ ,GermanyÂ 
94,DH.89 Dominie,Other,de Havilland Aircraft CompanyÂ ,United KingdomÂ 
95,Do 17,Light Bomber,Dornier FlugzeugwerkeÂ ,GermanyÂ 
96,Do 18,Seaplane,Dornier FlugzeugwerkeÂ ,GermanyÂ 
97,Do 217,Medium Bomber,Dornier FlugzeugwerkeÂ ,GermanyÂ 
98,Do 24,Seaplane,Dornier FlugzeugwerkeÂ ,GermanyÂ 
99,Do 335 Pfeil,Heavy Fighter,Dornier FlugzeugwerkeÂ ,GermanyÂ 
100,Do X,Seaplane,Dornier FlugzeugwerkeÂ ,GermanyÂ 
101,E13A,Reconnaissance Aircraft,Aichi Kokuki KKÂ ,JapanÂ 
102,E14Y,Seaplane,Yokosuka Naval Air Technical ArsenalÂ ,JapanÂ 
103,E15K Shiun,Seaplane,Kawanishi Aircraft CompanyÂ ,JapanÂ 
104,E16A Zuiun,Seaplane,Aichi Kokuki KKÂ ,JapanÂ 
105,E7K,Seaplane,"Kawanishi Aircraft Company, JapanÂ ",JapanÂ 
106,E8N,Seaplane,Nakajima Aircraft CompanyÂ ,JapanÂ 
107,E9W,Seaplane,"Watanabe Steel Foundry, JapanÂ ",JapanÂ 
108,F.220,Heavy Bomber,Farman Aviation WorksÂ ,FranceÂ 
109,F1M,Other,Mitsubishi Heavy IndustriesÂ ,JapanÂ 
110,F2A Buffalo,Fighter,Brewster Aeronautical CorporationÂ ,United StatesÂ 
111,F4F Wildcat,Fighter,Grumman Aircraft Engineering CorporationÂ ,United StatesÂ 
112,F4U Corsair,Fighter,Chance Vought CorporationÂ ,United StatesÂ 
113,F6F Hellcat,Fighter,Grumman Aircraft Engineering CorporationÂ ,United StatesÂ 
114,Fi 156 Storch,Other,Gerhard Fieseler WerkeÂ ,GermanyÂ 
115,Fi 167,Torpedo Bomber,Gerhard Fieseler WerkeÂ ,GermanyÂ 
116,Firebrand,Torpedo Bomber,Blackburn Aircraft LimitedÂ ,United KingdomÂ 
117,Firefly,Heavy Fighter,Fairey AviationÂ ,United KingdomÂ 
118,FN.305,Other,Fratelli NardiÂ ,ItalyÂ 
119,FR Fireball,Jet Fighter,Ryan Aeronautical CompanyÂ ,United StatesÂ 
120,Fulmar,Heavy Fighter,Fairey AviationÂ ,United KingdomÂ 
121,Fw 187 Falke,Fighter,Focke-Wulf Flugzeugbau GmbHÂ ,GermanyÂ 
122,Fw 189 Uhu,Reconnaissance Aircraft,Focke-Wulf Flugzeugbau GmbHÂ ,GermanyÂ 
123,Fw 190 WƒÂ¼rger,Fighter,Focke-Wulf Flugzeugbau GmbHÂ ,GermanyÂ 
124,Fw 200 Condor,Heavy Bomber,Focke-Wulf Flugzeugbau GmbHÂ ,GermanyÂ 
125,Fw 44 Stieglitz,Other,Focke-Wulf Flugzeugbau GmbHÂ ,GermanyÂ 
126,G.12,Transport,FiatÂ ,ItalyÂ 
127,G.50 Freccia,Fighter,FiatÂ ,ItalyÂ 
128,G.55 Centauro,Fighter,FiatÂ ,ItalyÂ 
129,G.A.L. 49 Hamilcar,Glider,General Aircraft LimitedÂ ,United KingdomÂ 
130,G.I,Heavy Fighter,FokkerÂ ,NetherlandsÂ 
131,G3M,Medium Bomber,Mitsubishi Heavy IndustriesÂ ,JapanÂ 
132,G4M,Medium Bomber,Mitsubishi Heavy IndustriesÂ ,JapanÂ 
133,GL-812 HY,Seaplane,Gourdou-LeseurreÂ ,FranceÂ 
134,GL-832 HY,Seaplane,Gourdou-LeseurreÂ ,FranceÂ 
135,Gladiator,Biplane Fighter,Gloster Aircraft LtdÂ ,United KingdomÂ 
136,H6K,Seaplane,Kawanishi Aircraft CompanyÂ ,JapanÂ 
137,H8K,Seaplane,Kawanishi Aircraft CompanyÂ ,JapanÂ 
138,Halifax,Heavy Bomber,"Handley Page, LimitedÂ ",United KingdomÂ 
139,Hampden,Medium Bomber,"Handley Page, LimitedÂ ",United KingdomÂ 
140,He 111 Doppel-Blitz,Medium Bomber,Heinkel FlugzeugwerkeÂ ,GermanyÂ 
141,He 112,Fighter,Heinkel FlugzeugwerkeÂ ,GermanyÂ 
142,He 115,Seaplane,Heinkel FlugzeugwerkeÂ ,GermanyÂ 
143,He 162 VolksjƒÂ¤ger,Jet Fighter,Heinkel FlugzeugwerkeÂ ,GermanyÂ 
144,He 177 Greif,Heavy Bomber,Heinkel FlugzeugwerkeÂ ,GermanyÂ 
145,He 178,Prototype Aircraft,Heinkel FlugzeugwerkeÂ ,GermanyÂ 
146,He 219 Uhu,Night Fighter,Heinkel FlugzeugwerkeÂ ,GermanyÂ 
147,He 280,Prototype Aircraft,Heinkel FlugzeugwerkeÂ ,GermanyÂ 
148,He 70 Blitz,Transport,Heinkel FlugzeugwerkeÂ ,GermanyÂ 
149,Horsa,Glider,Airspeed LimitedÂ ,United KingdomÂ 
150,Hs 123,Ground Attack Aircraft,Henschel & SohnÂ ,GermanyÂ 
151,Hs 126,Transport,Henschel & SohnÂ ,GermanyÂ 
152,Hs 129,Ground Attack Aircraft,Henschel & SohnÂ ,GermanyÂ 
153,Hurricane,Fighter,Hawker AviationÂ ,United KingdomÂ 
154,I-15,Biplane Fighter,Polikarpov Design BureauÂ ,RussiaÂ 
155,I-16,Fighter,Polikarpov Design BureauÂ ,RussiaÂ 
156,IAR 80,Fighter,Industria Aeronautic„Âƒ RomƒÂ¢n„ÂƒÂ ,RomaniaÂ 
157,IK-3,Fighter,"Rogozarski A.D., BelgradeÂ ",YugoslaviaÂ 
158,Il-2 Shturmovik,Ground Attack Aircraft,IlyushinÂ ,RussiaÂ 
159,J1N,Night Fighter,Nakajima Aircraft CompanyÂ ,JapanÂ 
160,J2F Duck,Seaplane,Grumman Aircraft Engineering CorporationÂ ,United StatesÂ 
161,J2M Raiden,Fighter,Mitsubishi Heavy IndustriesÂ ,JapanÂ 
162,J7W Shinden,Fighter,"Kyushu Hikoki K. K., JapanÂ ",JapanÂ 
163,J8M Shusui / Ki-200,Fighter,Mitsubishi Heavy IndustriesÂ ,JapanÂ 
164,J9N-1/J9Y Kikka,Jet Fighter,Nakajima Aircraft CompanyÂ ,JapanÂ 
165,Ju 188,Medium Bomber,JunkersÂ ,GermanyÂ 
166,Ju 290,Transport,JunkersÂ ,GermanyÂ 
167,Ju 388 StƒÂ¶rtebeker,Medium Bomber,JunkersÂ ,GermanyÂ 
168,Ju 52,Transport,JunkersÂ ,GermanyÂ 
169,Ju 87 Stuka,Dive Bomber,JunkersÂ ,GermanyÂ 
170,Ju 88,Medium Bomber,JunkersÂ ,GermanyÂ 
171,Ju 89,Prototype Aircraft,JunkersÂ ,GermanyÂ 
172,K-Class Airship,Other,Goodyear Aircraft CorporationÂ ,United StatesÂ 
173,K7M,Prototype Aircraft,Mitsubishi Heavy IndustriesÂ ,JapanÂ 
174,KDA-2,Reconnaissance Aircraft,Kawasaki Heavy IndustriesÂ ,JapanÂ 
175,Ki-1,Medium Bomber,Mitsubishi Heavy IndustriesÂ ,JapanÂ 
176,Ki-10,Fighter,Kawasaki Heavy IndustriesÂ ,JapanÂ 
177,Ki-115 Tsurugi,Other,Nakajima Aircraft CompanyÂ ,JapanÂ 
178,Ki-15,Reconnaissance Aircraft,Mitsubishi Heavy IndustriesÂ ,JapanÂ 
179,Ki-2,Light Bomber,Mitsubishi Heavy IndustriesÂ ,JapanÂ 
180,Ki-20,Heavy Bomber,Mitsubishi Heavy IndustriesÂ ,JapanÂ 
181,Ki-21,Medium Bomber,Mitsubishi Heavy IndustriesÂ ,JapanÂ 
182,Ki-27,Fighter,Nakajima Aircraft CompanyÂ ,JapanÂ 
183,Ki-30,Light Bomber,Mitsubishi Heavy IndustriesÂ ,JapanÂ 
184,Ki-32,Light Bomber,Kawasaki Heavy IndustriesÂ ,JapanÂ 
185,Ki-33,Fighter,Mitsubishi Heavy IndustriesÂ ,JapanÂ 
186,Ki-34,Transport,Nakajima Aircraft CompanyÂ ,JapanÂ 
187,Ki-36,Other,Tachikawa Aircraft Company LimitedÂ ,JapanÂ 
188,Ki-4,Reconnaissance Aircraft,Nakajima Aircraft CompanyÂ ,JapanÂ 
189,Ki-43 Hayabusa,Fighter,Nakajima Aircraft CompanyÂ ,JapanÂ 
190,Ki-44 Shoki,Fighter,Nakajima Aircraft CompanyÂ ,JapanÂ 
191,Ki-45 Toryu,Heavy Fighter,Kawasaki Heavy IndustriesÂ ,JapanÂ 
192,Ki-46,Torpedo Bomber,Mitsubishi Heavy IndustriesÂ ,JapanÂ 
193,Ki-48 Sokei,Medium Bomber,Kawasaki Aircraft Company LimitedÂ ,JapanÂ 
194,Ki-49 Donryu,Medium Bomber,Nakajima Aircraft CompanyÂ ,JapanÂ 
195,Ki-51,Ground Attack Aircraft,Mitsubishi Heavy IndustriesÂ ,JapanÂ 
196,Ki-54,Other,Tachikawa Aircraft Company LimitedÂ ,JapanÂ 
197,Ki-55,Other,Tachikawa Aircraft Company LimitedÂ ,JapanÂ 
198,Ki-56,Transport,Kawasaki Aircraft Company LimitedÂ ,JapanÂ 
199,Ki-57,Transport,Mitsubishi Heavy IndustriesÂ ,JapanÂ 
200,Ki-59,Transport,"Nippon Kokusai Koku Kogyo K. K., JapanÂ ",JapanÂ 
201,Ki-61 Hien,Fighter,Kawasaki Heavy IndustriesÂ ,JapanÂ 
202,Ki-67 Hiryu,Medium Bomber,Mitsubishi Heavy IndustriesÂ ,JapanÂ 
203,Ki-83,Fighter,Mitsubishi Heavy IndustriesÂ ,JapanÂ 
204,Ki-84 Hayate,Fighter,Nakajima Aircraft CompanyÂ ,JapanÂ 
205,Ki-9,Other,Tachikawa Aircraft Company LimitedÂ ,JapanÂ 
206,Ki-98,Prototype Aircraft,Manshu Aircraft CompanyÂ ,JapanÂ 
207,Ku-8,Ground Attack Aircraft,"Nippon Kokusai Koku Kogyo K. K., JapanÂ ",JapanÂ 
208,L-1 Vigilant,Other,Stinson Aircraft CompanyÂ ,United StatesÂ 
209,L-14 Super Electra,Transport,Lockheed CorporationÂ ,United StatesÂ 
210,L-18 Lodestar,Transport,Lockheed CorporationÂ ,United StatesÂ 
211,L-2 Grasshopper,Reconnaissance Aircraft,Taylorcraft AviationÂ ,United StatesÂ 
212,L-4 Grasshopper,Reconnaissance Aircraft,"Piper Aircraft, Inc.Â ",United StatesÂ 
213,L-5 Sentinel,Other,Stinson Aircraft CompanyÂ ,United StatesÂ 
214,L-6A Grasshopper,Reconnaissance Aircraft,Interstate Aircraft and Engineering CorporationÂ ,United StatesÂ 
215,La-5,Fighter,LavochkinÂ ,RussiaÂ 
216,La-7,Fighter,LavochkinÂ ,RussiaÂ 
217,LaGG-1,Fighter,LavochkinÂ ,RussiaÂ 
218,LaGG-3,Fighter,LavochkinÂ ,RussiaÂ 
219,Lancaster,Heavy Bomber,AvroÂ ,United KingdomÂ 
220,LeO 451,Medium Bomber,Sud-EstÂ ,FranceÂ 
221,Lysander,Other,Westland Aircraft LimitedÂ ,United KingdomÂ 
222,M.14 Magister,Other,Phillips & Powis Aircraft LimitedÂ ,United KingdomÂ 
223,M.9 Master,Other,Phillips & Powis Aircraft LimitedÂ ,United KingdomÂ 
224,M6A Seiran,Torpedo Bomber,Aichi Kokuki KKÂ ,JapanÂ 
225,Manchester,Heavy Bomber,AvroÂ ,United KingdomÂ 
226,MB.150,Fighter,SociƒÂ©tƒÂ© des Avions Marcel BlochÂ ,FranceÂ 
227,MB.200,Medium Bomber,SocietƒÂ© des Avions Marcel BlochÂ ,FranceÂ 
228,MB.210,Medium Bomber,SocietƒÂ© des Avions Marcel BlochÂ ,FranceÂ 
229,MBR-2,Seaplane,Beriev OKBÂ ,RussiaÂ 
230,Me 163 Komet,Jet Fighter,Messerschmitt AGÂ ,GermanyÂ 
231,Me 210,Heavy Fighter,Messerschmitt AGÂ ,GermanyÂ 
232,Me 262 Schwalbe,Jet Fighter,Messerschmitt AGÂ ,GermanyÂ 
233,Me 323 Gigant,Glider,Messerschmitt AGÂ ,GermanyÂ 
234,Me 410 Hornisse,Heavy Fighter,Messerschmitt AGÂ ,GermanyÂ 
235,Meteor,Jet Fighter,Gloster Aircraft LtdÂ ,United KingdomÂ 
236,MiG-1,Fighter,Mikoyan-GurevichÂ ,RussiaÂ 
237,MiG-3,Fighter,Mikoyan-GurevichÂ ,RussiaÂ 
238,Model 167 Maryland,Medium Bomber,Glenn L. Martin CompanyÂ ,United StatesÂ 
239,Model 187 Baltimore,Medium Bomber,Glenn L. Martin CompanyÂ ,United StatesÂ 
240,Mosquito,Light Bomber,de Havilland Aircraft CompanyÂ ,United KingdomÂ 
241,MS.406,Fighter,AƒÂ©roplanes Morane-SaulnierÂ ,FranceÂ 
242,MT-1 Hayabusa,Transport,Manshu Aircraft CompanyÂ ,JapanÂ 
243,MXY7 Ohka,Other,Yokosuka Naval Air Technical ArsenalÂ ,JapanÂ 
244,N1K Kyofu / Shiden,Fighter,Kawasaki Aircraft Company LimitedÂ ,JapanÂ 
245,N3N,Other,"Naval Aircraft Factory, Philadelphia, Pennsylvania, United StatesÂ ",United StatesÂ 
246,OS2U Kingfisher,Seaplane,Chance Vought CorporationÂ ,United StatesÂ 
247,P-26 Peashooter,Fighter,The Boeing CompanyÂ ,United StatesÂ 
248,P-36 Hawk,Fighter,Curtiss-Wright CorporationÂ ,United StatesÂ 
249,P-38 Lightning,Heavy Fighter,Lockheed CorporationÂ ,United StatesÂ 
250,P-39 Airacobra,Fighter,Bell Aircraft CorporationÂ ,United StatesÂ 
251,P-40 Warhawk,Fighter,Curtiss-Wright CorporationÂ ,United StatesÂ 
252,P-43 Lancer,Fighter,Republic Aviation CompanyÂ ,United StatesÂ 
253,P-47 Thunderbolt,Fighter,Republic Aviation CompanyÂ ,United StatesÂ 
254,P-51 Mustang,Fighter,North American AviationÂ ,United StatesÂ 
255,P-61 Black Widow,Night Fighter,Northrop CorporationÂ ,United StatesÂ 
256,P-63 Kingcobra,Fighter,Bell Aircraft CorporationÂ ,United StatesÂ 
257,P-66 Vanguard,Fighter,Vultee Aircraft CorporationÂ ,United StatesÂ 
258,P-80 Shooting Star,Jet Fighter,Lockheed CorporationÂ ,United StatesÂ 
259,P.108,Heavy Bomber,Piaggio Aero IndustriesÂ ,ItalyÂ 
260,P.111,Prototype Aircraft,Piaggio Aero IndustriesÂ ,ItalyÂ 
261,P.119,Prototype Aircraft,Piaggio Aero IndustriesÂ ,ItalyÂ 
262,P.82 Defiant,Heavy Fighter,Boulton Paul Aircraft LtdÂ ,United KingdomÂ 
263,P1Y Ginga,Medium Bomber,Yokosuka Naval Air Technical ArsenalÂ ,JapanÂ 
264,P2Y,Seaplane,Consolidated AircraftÂ ,United StatesÂ 
265,PB2Y Coronado,Seaplane,Consolidated AircraftÂ ,United StatesÂ 
266,PBM Mariner,Seaplane,Glenn L. Martin CompanyÂ ,United StatesÂ 
267,PBY Catalina,Seaplane,Consolidated AircraftÂ ,United StatesÂ 
268,Pe-2 Peshka,Dive Bomber,Petlyakov OKBÂ ,RussiaÂ 
269,Pe-8,Heavy Bomber,Petlyakov OKBÂ ,RussiaÂ 
270,Potez 630,Heavy Fighter,SociƒÂ©tƒÂ© Nationale de Constructions AƒÂ©ronautiques du NordÂ ,FranceÂ 
271,Proctor,Other,Percival Aircraft LimitedÂ ,United KingdomÂ 
272,PZL.11,Fighter,Pa…Â„stwowe Zak…Â‚ady LotniczeÂ ,PolandÂ 
273,PZL.23 Kara…Â›,Light Bomber,Pa…Â„stwowe Zak…Â‚ady LotniczeÂ ,PolandÂ 
274,PZL.24,Fighter,Pa…Â„stwowe Zak…Â‚ady LotniczeÂ ,PolandÂ 
275,PZL.37 …Âo…Â›,Medium Bomber,Pa…Â„stwowe Zak…Â‚ady LotniczeÂ ,PolandÂ 
276,PZL.7,Fighter,Pa…Â„stwowe Zak…Â‚ady LotniczeÂ ,PolandÂ 
277,R3D,Transport,Douglas Aircraft CompanyÂ ,United StatesÂ 
278,Re.2000 Falco I,Fighter,ReggianeÂ ,ItalyÂ 
279,Re.2001 Falco II,Fighter,ReggianeÂ ,ItalyÂ 
280,Re.2002 Ariete,Fighter,ReggianeÂ ,ItalyÂ 
281,Re.2005 Sagittario,Fighter,ReggianeÂ ,ItalyÂ 
282,Ro.37 Lince,Reconnaissance Aircraft,Industrie Meccaniche Aeronautiche MeridionaliÂ ,ItalyÂ 
283,Roc,Heavy Fighter,Blackburn Aircraft LimitedÂ ,United KingdomÂ 
284,S-43,Seaplane,Sikorsky Aircraft CorporationÂ ,United StatesÂ 
285,S.25 Sunderland,Seaplane,Short Brothers plcÂ ,United KingdomÂ 
286,S.55,Seaplane,Savoia-MarchettiÂ ,ItalyÂ 
287,SAI.207,Fighter,AmbrosiniÂ ,ItalyÂ 
288,SB,Light Bomber,Tupolev Design BureauÂ ,RussiaÂ 
289,SB2C Helldiver,Dive Bomber,Curtiss-Wright CorporationÂ ,United StatesÂ 
290,SB2U Vindicator,Dive Bomber,VoughtÂ ,United StatesÂ 
291,SBD Dauntless,Dive Bomber,Douglas Aircraft CompanyÂ ,United StatesÂ 
292,SC Seahawk,Seaplane,Curtiss-Wright CorporationÂ ,United StatesÂ 
293,Sea Otter,Seaplane,Supermarine Aviation WorksÂ ,United KingdomÂ 
294,Seal,Other,Fairey AviationÂ ,United KingdomÂ 
295,Skua,Dive Bomber,Blackburn Aircraft LimitedÂ ,United KingdomÂ 
296,SM.79 Sparviero,Medium Bomber,Savoia-MarchettiÂ ,ItalyÂ 
297,SM.81 Pipistrello,Medium Bomber,Savoia-MarchettiÂ ,ItalyÂ 
298,SM.82 Marsupiale,Medium Bomber,Savoia-MarchettiÂ ,ItalyÂ 
299,SM.84,Torpedo Bomber,Savoia-MarchettiÂ ,ItalyÂ 
300,SOC Seagull,Seaplane,Curtiss-Wright CorporationÂ ,United StatesÂ 
301,Spitfire,Fighter,Supermarine Aviation WorksÂ ,United KingdomÂ 
302,Stirling,Heavy Bomber,Short Brothers plcÂ ,United KingdomÂ 
303,Su-2,Ground Attack Aircraft,Sukhoi Design BureauÂ ,RussiaÂ 
304,Swordfish,Torpedo Bomber,Fairey AviationÂ ,United KingdomÂ 
305,Ta 152,Fighter,Focke-Wulf Flugzeugbau GmbHÂ ,GermanyÂ 
306,Ta 154 Moskito,Night Fighter,Focke-Wulf Flugzeugbau GmbHÂ ,GermanyÂ 
307,TB-3,Heavy Bomber,Voronezh Aircraft Production AssociationÂ ,RussiaÂ 
308,TBD Devastator,Torpedo Bomber,Douglas Aircraft CompanyÂ ,United StatesÂ 
309,TBF Avenger,Torpedo Bomber,Grumman Aircraft Engineering CorporationÂ ,United StatesÂ 
310,TDN,Other,Philadelphia Naval Aircraft FactoryÂ ,United StatesÂ 
311,TDR,Other,Interstate Aircraft and Engineering CorporationÂ ,United StatesÂ 
312,Tempest,Fighter,Hawker AviationÂ ,United KingdomÂ 
313,Tornado,Prototype Aircraft,Hawker AviationÂ ,United KingdomÂ 
314,Tu-2,Medium Bomber,Tupolev Design BureauÂ ,RussiaÂ 
315,Type 432,Prototype Aircraft,"Vickers-Armstrongs, LimitedÂ ",United KingdomÂ 
316,Type 91,Fighter,Nakajima Aircraft CompanyÂ ,JapanÂ 
317,Typhoon,Fighter,Hawker AviationÂ ,United KingdomÂ 
318,UT-1,Other,A. S. Yakovlev Design Bureau JSCÂ ,RussiaÂ 
319,UT-2,Other,A. S. Yakovlev Design Bureau JSCÂ ,RussiaÂ 
320,Ventura,Medium Bomber,Vega Aircraft Company of Lockheed CorporationÂ ,United StatesÂ 
321,Walrus,Seaplane,Supermarine Aviation WorksÂ ,United KingdomÂ 
322,Welkin,Fighter,Westland Aircraft LimitedÂ ,United KingdomÂ 
323,Wellesley,Light Bomber,"Vickers-Armstrongs, LimitedÂ ",United KingdomÂ 
324,Wellington,Medium Bomber,"Vickers-Armstrongs, LimitedÂ ",United KingdomÂ 
325,Whirlwind,Heavy Fighter,Westland Aircraft LimitedÂ ,United KingdomÂ 
326,Wirraway,Other,Commonwealth Aircraft CorporationÂ ,AustraliaÂ 
327,X-PO,Fighter,Chinese Air Force Aircraft Manufacturing FactoryÂ ,ChinaÂ 
328,Yak-1,Fighter,A. S. Yakovlev Design Bureau JSCÂ ,RussiaÂ 
329,Yak-3,Fighter,A. S. Yakovlev Design Bureau JSCÂ ,RussiaÂ 
330,Yak-7,Fighter,A. S. Yakovlev Design Bureau JSCÂ ,RussiaÂ 
331,Yak-9,Fighter,A. S. Yakovlev Design Bureau JSCÂ ,RussiaÂ 
332,YO-50,Prototype Aircraft,AviaBellanca AircraftÂ ,United StatesÂ 
333,YO-51 Dragonfly,Prototype Aircraft,Ryan Aeronautical CompanyÂ ,United StatesÂ 
334,York,Transport,A. V. Roe & CompanyÂ ,United KingdomÂ 
335,Z.1007 Alcione,Medium Bomber,Cantiere Navale TriestinoÂ ,ItalyÂ 
336,Z.501 Gabbiano,Seaplane,Cantiere Navale TriestinoÂ ,ItalyÂ 
337,Z.506 Airone,Seaplane,Cantiere Navale TriestinoÂ ,ItalyÂ 
338,130,Seaplane,"Loire Aviation, Saint-Nazaire, FranceÂ ",FranceÂ 
