,Name,Class,Country,Launch Year
0,A (Planned) ,No Classification ,Germany , 
1,ABSD-1 ,No Classification ,United States , 
2,ABSD-2 ,No Classification ,United States , 
3,Abukuma ,Nagara-class Light Cruiser ,Japan ,1923 
4,Acasta ,A and B-class Destroyer ,United Kingdom ,1929 
5,Acavus ,Rapana-class Merchant Vessel ,United Kingdom , 
6,Activity ,Activity-class Escort Carrier ,United Kingdom ,1942 
7,Adelaide ,Town-class Light Cruiser ,Australia ,1918 
8,Admiral Graf Spee ,Deutschland-class Heavy Cruiser ,Germany ,1934 
9,Admiral Hipper ,Admiral Hipper-class Heavy Cruiser ,Germany ,1937 
10,Admiral Scheer ,Deutschland-class Heavy Cruiser ,Germany ,1933 
11,Adolf LÃ¼deritz ,Carl Peters-class Tender ,Germany ,1939 
12,Adula ,Rapana-class Merchant Vessel ,United Kingdom , 
13,Agano ,Agano-class Light Cruiser ,Japan ,1941 
14,Akagi ,Akagi-class Aircraft Carrier ,Japan ,1925 
15,Akashi ,Akashi-class Repair Ship ,Japan ,1938 
16,Alabama ,South Dakota-class Battleship ,United States ,1942 
17,Alaska ,Alaska-class Large Cruiser ,United States ,1943 
18,Albacore ,Gato-class Submarine ,United States ,1942 
19,Albatros ,1923-class Motor Torpedo Boat ,Germany ,1926 
20,Albatross ,No Classification ,United Kingdom , 
21,Albert Leo Schlageter ,Gorch Fock-class Barque ,Germany ,1937 
22,Albert W. Grant ,Fletcher-class Destroyer ,United States ,1943 
23,Alfredo Oriani ,Oriani-class Destroyer ,Italy , 
24,AlgÃ©rie ,AlgÃ©rie-class Heavy Cruiser ,France ,1932 
25,Alpino ,Soldati-class Destroyer ,Italy , 
26,Altmark ,Dithmarschen-class Auxiliary ,Germany ,1937 
27,Amagi ,Unryu-class Aircraft Carrier ,Japan ,1943 
28,Amagiri ,Fubuki-class Destroyer ,Japan ,1930 
29,Amberjack ,Gato-class Submarine ,United States , 
30,Ambra ,Perla-class Submarine ,Italy , 
31,Ameer ,Ruler-class Escort Carrier ,United Kingdom ,1942 
32,Ancon ,No Classification ,United States ,1938 
33,Ancylus ,Rapana-class Merchant Vessel ,United Kingdom ,1935 
34,Angler ,Gato-class Submarine ,United States , 
35,Anson ,King George V (1939)-class Battleship ,United Kingdom , 
36,Anticosti ,Isles-class Trawler ,Canada ,1942 
37,Anzio ,Casablanca-class Escort Carrier ,United States ,1943 
38,Aoba ,Furutaka-class Heavy Cruiser ,Japan ,1926 
39,Apogon ,Balao-class Submarine ,United States ,1943 
40,Arashio ,Asashio-class Destroyer ,Japan , 
41,Arbiter ,Ruler-class Escort Carrier ,United Kingdom ,1943 
42,Archer ,Archer-class Escort Carrier ,United Kingdom , 
43,Archerfish ,Balao-class Submarine ,United States , 
44,Argonaut (Argonaut-class) ,Argonaut-class Submarine ,United States , 
45,Argonaut (Tench-class) ,Tench-class Submarine ,United States , 
46,Argus ,Argus-class Aircraft Carrier ,United Kingdom ,1917 
47,Arisan Maru ,No Classification ,Japan , 
48,Arizona ,Pennsylvania-class Battleship ,United States ,1915 
49,Ark Royal ,Ark Royal-class Aircraft Carrier ,United Kingdom ,1937 
50,Armidale ,Bathurst-class Corvette ,Australia ,1942 
51,Artigliere ,Soldati-class Destroyer ,Italy , 
52,Asagumo ,Asashio-class Destroyer ,Japan , 
53,Asama Maru ,No Classification ,Japan ,1928 
54,Ascari ,Soldati-class Destroyer ,Italy ,1938 
55,Ashigara ,Myoko-class Heavy Cruiser ,Japan ,1928 
56,Aspro ,Balao-class Submarine ,United States , 
57,Astoria (Cleveland-class) ,Cleveland-class Light Cruiser ,United States , 
58,Astoria (New Orleans-class) ,New Orleans-class Heavy Cruiser ,United States ,1933 
59,Atago ,Takao-class Heavy Cruiser ,Japan ,1930 
60,Atlanta ,Atlanta-class Light Cruiser ,United States ,1941 
61,Atlantis ,No Classification ,Germany ,1937 
62,Atule ,Balao-class Submarine ,United States , 
63,Augusta ,Northampton-class Heavy Cruiser ,United States ,1930 
64,Austin ,Evarts-class Destroyer Escort ,United States ,1942 
65,Australia ,County-class Heavy Cruiser ,Australia ,1927 
66,Aviere ,Soldati-class Destroyer ,Italy ,1937 
67,Awa Maru ,No Classification ,Japan ,1942 
68,B (Planned) ,No Classification ,Germany , 
69,B (Planned) ,Graf Zeppelin-class Aircraft Carrier ,Germany ,"1940 (Projected, not actual) "
70,BÅyskawica ,Grom-class Destroyer ,Poland ,1936 
71,Bailey ,Benson-class Destroyer ,United States ,1941 
72,Balao ,Balao-class Submarine ,United States , 
73,Baltimore ,Baltimore-class Heavy Cruiser ,United States ,1942 
74,Bang ,Balao-class Submarine ,United States , 
75,Barb ,Gato-class Submarine ,United States , 
76,Barbel ,Balao-class Submarine ,United States , 
77,Barbero ,Balao-class Submarine ,United States ,1943 
78,Barham ,Queen Elizabeth-class Battleship ,United Kingdom ,1914 
79,Bashaw ,Gato-class Submarine ,United States , 
80,Bataan (Independence-class) ,Independence-class Light Carrier ,United States ,1943 
81,Bataan (Tribal-class) ,Tribal-class Destroyer ,Australia ,1944 
82,Batfish ,Balao-class Submarine ,United States , 
83,Baya ,Balao-class Submarine ,United States ,1944 
84,BÃ©arn ,BÃ©arn-class Aircraft Carrier ,France , 
85,Becuna ,Balao-class Submarine ,United States ,1944 
86,Belfast ,Town-class Light Cruiser ,United Kingdom ,1938 
87,Bell ,Fletcher-class Destroyer ,United States ,1942 
88,Belleau Wood ,Independence-class Light Carrier ,United States ,1942 
89,Bennington ,Essex-class Aircraft Carrier ,United States ,1944 
90,Bergall ,Balao-class Submarine ,United States ,1944 
91,Bersagliere ,Soldati-class Destroyer ,Italy ,1938 
92,Besugo ,Balao-class Submarine ,United States , 
93,Billfish ,Balao-class Submarine ,United States , 
94,Birmingham ,Town-class Light Cruiser ,United Kingdom ,1936 
95,Biscayne ,Barnegat-class Seaplane Tender ,United States ,1941 
96,Bismarck ,Bismarck-class Battleship ,Germany ,1939 
97,Blackfin ,Balao-class Submarine ,United States ,1944 
98,Blackfish ,Gato-class Submarine ,United States , 
99,Blenny ,Balao-class Submarine ,United States ,1944 
100,Blower ,Balao-class Submarine ,United States , 
101,Blueback ,Balao-class Submarine ,United States , 
102,Bluefish ,Gato-class Submarine ,United States ,1943 
103,Bluegill ,Gato-class Submarine ,United States , 
104,BlÃ¼cher ,Admiral Hipper-class Heavy Cruiser ,Germany ,1937 
105,Boarfish ,Balao-class Submarine ,United States ,1944 
106,Boise ,Brooklyn-class Light Cruiser ,United States , 
107,Bolzano ,Trento-class Heavy Cruiser ,Italy ,1932 
108,Bombardiere ,Soldati-class Destroyer ,Italy , 
109,Bonefish ,Gato-class Submarine ,United States , 
110,Boston ,Baltimore-class Heavy Cruiser ,United States , 
111,Bowfin ,Balao-class Submarine ,United States ,1942 
112,Bream ,Gato-class Submarine ,United States , 
113,Bremse ,No Classification ,Germany ,1932 
114,Bretagne ,Bretagne-class Battleship ,France ,1913 
115,Brill ,Balao-class Submarine ,United States ,1944 
116,Brummer ,No Classification ,Germany ,1935 
117,Bugara ,Balao-class Submarine ,United States ,1944 
118,Bullhead ,Balao-class Submarine ,United States , 
119,Bumper ,Balao-class Submarine ,United States , 
120,Bunker Hill ,Essex-class Aircraft Carrier ,United States ,1942 
121,Burrfish ,Balao-class Submarine ,United States , 
122,Burza ,Wicher-class Destroyer ,Poland ,1929 
123,Bussard ,No Classification ,Germany , 
124,C (Planned) ,Graf Zeppelin-class Aircraft Carrier ,Germany ,"1945 (Projected, not actual) "
125,C (Planned) ,No Classification ,Germany , 
126,Cabezon ,Balao-class Submarine ,United States , 
127,Cabot ,Independence-class Light Carrier ,United States ,1943 
128,Cabrilla ,Balao-class Submarine ,United States ,1942 
129,Cachalot (Cachalot-class) ,Cachalot-class Submarine ,United States ,1933 
130,Cachalot (Grampus-class) ,Grampus-class Minelaying Submarine ,United Kingdom ,1937 
131,Caiman ,Balao-class Submarine ,United States ,1944 
132,California ,Tennessee-class Battleship ,United States , 
133,Camicia Nera ,Soldati-class Destroyer ,Italy ,1937 
134,Canberra (Baltimore-class) ,Baltimore-class Heavy Cruiser ,United States ,1943 
135,Canberra (County-class) ,County-class Heavy Cruiser ,Australia , 
136,Canfield ,Evarts-class Destroyer Escort ,United States ,1943 
137,Capelin ,Balao-class Submarine ,United States , 
138,Capitaine ,Balao-class Submarine ,United States ,1944 
139,Carabiniere ,Soldati-class Destroyer ,Italy ,1938 
140,Carbonero ,Balao-class Submarine ,United States ,1944 
141,Card ,Bogue-class Escort Carrier ,United States ,1942 
142,Carl Peters ,Carl Peters-class Tender ,Germany ,1939 
143,Carl Zeiss ,No Classification ,Germany ,1938 
144,Carp ,Balao-class Submarine ,United States , 
145,Casabianca ,Redoubtable-class Submarine ,France ,1935 
146,Casablanca ,Casablanca-class Escort Carrier ,United States ,1943 
147,Cassin Young ,Fletcher-class Destroyer ,United States ,1943 
148,Cavalla ,Gato-class Submarine ,United States , 
149,Centurion ,King George V (1911)-class Battleship ,United Kingdom ,1911 
150,Cero ,Gato-class Submarine ,United States ,1943 
151,Chariot-class Summary Information ,Chariot-class Midget Submarine ,United Kingdom , 
152,Charles J. Badger ,Fletcher-class Destroyer ,United States ,1943 
153,Charr ,Balao-class Submarine ,United States ,1944 
154,Chester ,Northampton-class Heavy Cruiser ,United States ,1929 
155,Chicago ,Northampton-class Heavy Cruiser ,United States ,1930 
156,Chikuma ,Tone-class Heavy Cruiser ,Japan ,1938 
157,Chitose ,Chitose-class Light Carrier ,Japan ,1936 
158,Chiyoda ,Chitose-class Light Carrier ,Japan ,1936 
159,Chokai ,Takao-class Heavy Cruiser ,Japan ,1931 
160,Chub ,Balao-class Submarine ,United States ,1944 
161,Chuyo ,Taiyo-class Escort Carrier ,Japan ,1939 
162,Cisco ,Balao-class Submarine ,United States ,1942 
163,Cobia ,Gato-class Submarine ,United States , 
164,Cochino ,Balao-class Submarine ,United States , 
165,Cod ,Gato-class Submarine ,United States ,1943 
166,Colbert ,Suffren-class Heavy Cruiser ,France ,1928 
167,Colorado ,Colorado-class Battleship ,United States ,1921 
168,Colossus ,Colossus-class Light Carrier ,United Kingdom ,1943 
169,Columbia ,Cleveland-class Light Cruiser ,United States ,1941 
170,Concord ,Omaha-class Light Cruiser ,United States ,1921 
171,Console Generale Liuzzi ,Liuzzi-class Submarine ,Italy ,1939 
172,Conte di Cavour ,Conte di Cavour-class Battleship ,Italy ,1911 
173,Copahee ,Bogue-class Escort Carrier ,United States ,1941 
174,Corazziere ,Soldati-class Destroyer ,Italy ,1938 
175,Cornwall ,County-class Heavy Cruiser ,United Kingdom ,1926 
176,Coronel ,No Classification ,Germany ,1938 
177,Corregidor ,Casablanca-class Escort Carrier ,United States ,1943 
178,Corsaro ,Soldati-class Destroyer ,Italy , 
179,Corvina ,Gato-class Submarine ,United States ,1943 
180,Cossack ,Tribal-class Destroyer ,United Kingdom ,1937 
181,Cotten ,Fletcher-class Destroyer ,United States ,1943 
182,Courageous ,Courageous-class Aircraft Carrier ,United Kingdom , 
183,Cowpens ,Independence-class Light Carrier ,United States ,1943 
184,Craven ,Gridley-class Destroyer ,United States ,1937 
185,Crevalle ,Balao-class Submarine ,United States , 
186,Croaker ,Gato-class Submarine ,United States ,1943 
187,Cumberland ,County-class Heavy Cruiser ,United Kingdom ,1926 
188,Cummings ,Mahan-class Destroyer ,United States ,1935 
189,Cuttlefish ,Cachalot-class Submarine ,United States ,1933 
190,D (Planned) ,Graf Zeppelin-class Aircraft Carrier ,Germany ,"1947 (Projected, not actual) "
191,D (Planned) ,No Classification ,Germany , 
192,Dace ,Gato-class Submarine ,United States , 
193,Daihatsu-class Summary Information ,Daihatsu-class Landing Craft ,Japan , 
194,Daly ,Fletcher-class Destroyer ,United States ,1942 
195,Danae ,Danae-class Light Cruiser ,United Kingdom ,1918 
196,Darter ,Gato-class Submarine ,United States , 
197,De Grasse ,De Grasse-class Light Cruiser ,France ,1946 
198,Delhi ,Danae-class Light Cruiser ,United Kingdom ,1918 
199,Dentuda ,Balao-class Submarine ,United States , 
200,Denver ,Cleveland-class Light Cruiser ,United States ,1942 
201,Detroit ,Omaha-class Light Cruiser ,United States ,1922 
202,Deutschland ,Deutschland-class Heavy Cruiser ,Germany ,1931 
203,Devilfish ,Balao-class Submarine ,United States , 
204,Devonshire ,County-class Heavy Cruiser ,United Kingdom ,1927 
205,Dianthus ,Flower-class Corvette ,United Kingdom ,1940 
206,Dithmarschen ,Dithmarschen-class Auxiliary ,Germany ,1937 
207,Doherty ,Evarts-class Destroyer Escort ,United States ,1942 
208,Dolphin ,Dolphin-class Submarine ,United States , 
209,Doneff ,Evarts-class Destroyer Escort ,United States ,1942 
210,Dorado ,Gato-class Submarine ,United States ,1943 
211,Dorsetshire ,County-class Heavy Cruiser ,United Kingdom ,1929 
212,Dragon ,Danae-class Light Cruiser ,United Kingdom ,1917 
213,Dragonet ,Balao-class Submarine ,United States ,1943 
214,Drayton ,Mahan-class Destroyer ,United States ,1936 
215,Drum ,Gato-class Submarine ,United States ,1941 
216,Duguay-Trouin ,Duguay-Trouin-class Light Cruiser ,France ,1923 
217,Duke of York ,King George V (1939)-class Battleship ,United Kingdom , 
218,Dunkerque ,Dunkerque-class Battleship ,France ,1935 
219,Dupleix ,Suffren-class Heavy Cruiser ,France ,1930 
220,Duquesne ,Duquesne-class Heavy Cruiser ,France ,1925 
221,E (Planned) ,No Classification ,Germany , 
222,Eagle ,Eagle-class Aircraft Carrier ,United Kingdom ,1918 
223,Edinburgh ,Town-class Light Cruiser ,United Kingdom ,1938 
224,Effingham ,Hawkins-class Heavy Cruiser ,United Kingdom ,1921 
225,Ellet ,Benham-class Destroyer ,United States ,1938 
226,Elli ,Zhaohe-class Protected Cruiser ,Greece ,1913 
227,Emden ,Emden-class Light Cruiser ,Germany ,1925 
228,Ãmile Bertin ,Ãmile Bertin-class Light Cruiser ,France ,1933 
229,Engstrom ,Evarts-class Destroyer Escort ,United States ,1942 
230,Enterprise ,Yorktown-class Aircraft Carrier ,United States ,1936 
231,Ermland ,Dithmarschen-class Auxiliary ,Germany , 
232,Erwin Wassner ,No Classification ,Germany ,1938 
233,Escolar ,Balao-class Submarine ,United States ,1943 
234,Essex ,Essex-class Aircraft Carrier ,United States ,1942 
235,Exeter ,York-class Heavy Cruiser ,United Kingdom ,1928 
236,Express ,E-class Destroyer ,United Kingdom ,1934 
237,F (Planned) ,No Classification ,Germany , 
238,F1 ,F-class Destroyer Escort ,Germany ,1935 
239,F10 ,F-class Destroyer Escort ,Germany ,1936 
240,F2 ,F-class Destroyer Escort ,Germany ,1935 
241,F3 ,F-class Destroyer Escort ,Germany ,1935 
242,F4 ,F-class Destroyer Escort ,Germany ,1935 
243,F5 ,F-class Destroyer Escort ,Germany ,1935 
244,F6 ,F-class Destroyer Escort ,Germany ,1935 
245,F7 ,F-class Destroyer Escort ,Germany ,1936 
246,F8 ,F-class Destroyer Escort ,Germany ,1936 
247,F9 ,F-class Destroyer Escort ,Germany ,1936 
248,Fairmile D-class Summary Information ,Fairmile D-class Motor Torpedo Boat ,United Kingdom , 
249,Falke ,No Classification ,Germany ,1940 
250,Falke ,1923-class Motor Torpedo Boat ,Germany ,1926 
251,Farragut ,Farragut-class Destroyer ,United States ,1934 
252,Fieberling ,Buckley-class Destroyer Escort ,United States ,1944 
253,Finback ,Gato-class Submarine ,United States ,1941 
254,Fiume ,Zara-class Heavy Cruiser ,Italy , 
255,Flasher ,Gato-class Submarine ,United States , 
256,Flier ,Gato-class Submarine ,United States ,1943 
257,Flounder ,Gato-class Submarine ,United States , 
258,Flying Fish ,Gato-class Submarine ,United States ,1941 
259,Foch ,Suffren-class Heavy Cruiser ,France ,1929 
260,Formidable ,Illustrious-class Aircraft Carrier ,United Kingdom ,1939 
261,Fox ,Clemson-class Destroyer ,United States ,1919 
262,Franken ,Dithmarschen-class Auxiliary ,Germany ,1939 
263,Franklin ,Essex-class Aircraft Carrier ,United States ,1943 
264,Friesenland ,No Classification ,Germany ,1937 
265,Fuciliere ,Soldati-class Destroyer ,Italy ,1938 
266,Furious ,Courageous-class Aircraft Carrier ,United Kingdom ,1916 
267,Furutaka ,Furutaka-class Heavy Cruiser ,Japan ,1925 
268,Fuso ,Fuso-class Battleship ,Japan ,1914 
269,G (Planned) ,No Classification ,Germany , 
270,G ,No Classification ,Germany ,1939 
271,G1 ,G-class Destroyer Escort ,Germany , 
272,G2 ,G-class Destroyer Escort ,Germany , 
273,G3 ,G-class Destroyer Escort ,Germany , 
274,G4 (Planned) ,G-class Destroyer Escort ,Germany , 
275,Gabilan ,Gato-class Submarine ,United States ,1943 
276,Gar ,Tambor-class Submarine ,United States ,1940 
277,Garland ,G-class Destroyer ,Poland ,1935 
278,Gato ,Gato-class Submarine ,United States , 
279,Geniere ,Soldati-class Destroyer ,Italy ,1938 
280,Georges Leygues ,La GalissonniÃ¨re-class Light Cruiser ,France ,1936 
281,Gilmore ,Evarts-class Destroyer Escort ,United States ,1942 
282,GiosuÃ¨ Carducci ,Oriani-class Destroyer ,Italy , 
283,Giulio Cesare ,Conte di Cavour-class Battleship ,Italy ,1911 
284,Glasgow ,Town-class Light Cruiser ,United Kingdom ,1936 
285,Gloire ,La GalissonniÃ¨re-class Light Cruiser ,France ,1935 
286,Glorious ,Courageous-class Aircraft Carrier ,United Kingdom ,1916 
287,Glory ,Colossus-class Light Carrier ,United Kingdom ,1943 
288,Gneisenau ,Gneisenau-class Battlecruiser ,Germany ,1936 
289,Golet ,Gato-class Submarine ,United States ,1943 
290,Gorch Fock ,Gorch Fock-class Barque ,Germany ,1933 
291,Gorizia ,Zara-class Heavy Cruiser ,Italy ,1930 
292,Graf Zeppelin ,Graf Zeppelin-class Aircraft Carrier ,Germany ,1938 
293,Grampus ,Tambor-class Submarine ,United States ,1940 
294,Granatiere ,Soldati-class Destroyer ,Italy ,1938 
295,Graph ,Type VII-class Submarine ,United Kingdom , 
296,Grayback ,Tambor-class Submarine ,United States ,1941 
297,Grayling ,Tambor-class Submarine ,United States , 
298,Grayson ,Gleaves-class Destroyer ,United States ,1940 
299,Greenling ,Gato-class Submarine ,United States , 
300,Greif ,1923-class Motor Torpedo Boat ,Germany ,1926 
301,Greif ,No Classification ,Germany , 
302,Grenadier ,Tambor-class Submarine ,United States , 
303,Gridley ,Gridley-class Destroyer ,United States ,1936 
304,Grille ,No Classification ,Germany ,1934 
305,Grom ,Grom-class Destroyer ,Poland ,1936 
306,Grouper ,Gato-class Submarine ,United States , 
307,Growler ,Gato-class Submarine ,United States ,1941 
308,Grunion ,Gato-class Submarine ,United States ,1941 
309,Guam ,Alaska-class Large Cruiser ,United States ,1943 
310,Guardfish ,Gato-class Submarine ,United States , 
311,Guavina ,Balao-class Submarine ,United States ,1943 
312,Gudgeon ,Tambor-class Submarine ,United States , 
313,Guitarro ,Gato-class Submarine ,United States ,1943 
314,Gulland ,Isles-class Trawler ,United Kingdom ,1943 
315,Gunnel ,Gato-class Submarine ,United States ,1942 
316,Gurnard ,Gato-class Submarine ,United States , 
317,H (Planned) ,No Classification ,Germany , 
318,H (Planned) ,H-class Battleship ,Germany ,"1941 (Projected, not actual) "
319,H (Planned) ,No Classification ,Germany , 
320,Ha-101 ,Type SS-class Submarine ,Japan ,1944 
321,Ha-102 ,Type SS-class Submarine ,Japan ,1944 
322,Ha-104 ,Type SS-class Submarine ,Japan ,1944 
323,Ha-19 ,Type A-class Midget Submarine ,Japan , 
324,Hackleback ,Balao-class Submarine ,United States ,1943 
325,Haddo ,Gato-class Submarine ,United States , 
326,Haddock ,Gato-class Submarine ,United States ,1941 
327,Haguro ,Myoko-class Heavy Cruiser ,Japan ,1928 
328,Haichen ,Hairong-class Protected Cruiser ,China , 
329,Haichou ,Hairong-class Protected Cruiser ,China ,1897 
330,Haiqi ,Haitien-class Protected Cruiser ,China , 
331,Hairong ,Hairong-class Protected Cruiser ,China ,1897 
332,Hake ,Gato-class Submarine ,United States , 
333,Hakusan Maru ,No Classification ,Japan ,1918 
334,Halibut ,Gato-class Submarine ,United States , 
335,Hamakaze ,Kagero-class Destroyer ,Japan , 
336,Hamilton ,Wickes-class Destroyer ,United States ,1919 
337,Hammann ,Sims-class Destroyer ,United States ,1939 
338,Hammerhead ,Balao-class Submarine ,United States ,1943 
339,Hancock ,Essex-class Aircraft Carrier ,United States ,1944 
340,Hans Albrecht Wedel ,Hans Albrecht Wedel-class Seaplane Tender ,Germany ,1940 
341,Harder ,Gato-class Submarine ,United States ,1942 
342,Hardhead ,Balao-class Submarine ,United States , 
343,Haruna ,Kongo-class Battleship ,Japan ,1913 
344,Hatsuzakura ,Tachibana-class Destroyer ,Japan , 
345,Havelland ,Dithmarschen-class Auxiliary ,Germany , 
346,Hawkbill ,Balao-class Submarine ,United States ,1944 
347,Hela ,Hela-class Tender ,Germany ,1938 
348,Helena (Baltimore-class) ,Baltimore-class Heavy Cruiser ,United States , 
349,Helena (St. Louis-class) ,St. Louis-class Light Cruiser ,United States ,1939 
350,Helm ,Bagley-class Destroyer ,United States ,1937 
351,Henley ,Bagley-class Destroyer ,United States ,1937 
352,Herbert Norkus ,Gorch Fock-class Barque ,Germany ,1939 
353,Hermann KÃ¶hl ,Hans Albrecht Wedel-class Seaplane Tender ,Germany , 
354,Hermes ,Hermes-class Light Carrier ,United Kingdom ,1919 
355,Herring ,Gato-class Submarine ,United States , 
356,Hiei ,Kongo-class Battleship ,Japan ,1912 
357,Hikawa Maru ,No Classification ,Japan ,1929 
358,Hiryu ,Soryu-class Aircraft Carrier ,Japan ,1937 
359,Hiyo ,Hiyo-class Escort Carrier ,Japan ,1941 
360,Hobart ,Leander-class Light Cruiser ,Australia , 
361,Hoe ,Gato-class Submarine ,United States ,1942 
362,Hoel ,Fletcher-class Destroyer ,United States ,1942 
363,Holland ,Holland-class Submarine Tender ,United States ,1926 
364,Honolulu ,Brooklyn-class Light Cruiser ,United States , 
365,Hood ,Admiral-class Battlecruiser ,United Kingdom ,1918 
366,Hornet (Essex-class) ,Essex-class Aircraft Carrier ,United States ,1943 
367,Hornet (Yorktown-class) ,Yorktown-class Aircraft Carrier ,United States ,1940 
368,Horst Wessel ,Gorch Fock-class Barque ,Germany ,1936 
369,Hosho ,Hosho-class Light Carrier ,Japan ,1921 
370,Houston ,Northampton-class Heavy Cruiser ,United States ,1929 
371,Howe ,King George V (1939)-class Battleship ,United Kingdom ,1940 
372,Hulbert ,Clemson-class Destroyer ,United States ,1919 
373,Hull ,Farragut-class Destroyer ,United States ,1934 
374,Hyuga ,Ise-class Battleship ,Japan ,1917 
375,I-14 ,Type AM-class Submarine ,Japan ,1944 
376,I-369 ,Type D1-class Submarine ,Japan ,1944 
377,I-400 ,I-400-class Submarine ,Japan , 
378,I-401 ,I-400-class Submarine ,Japan , 
379,I-402 ,I-400-class Submarine ,Japan , 
380,I-52 ,C3-class Submarine ,Japan , 
381,I-53 ,C3-class Submarine ,Japan , 
382,I-58 ,Type B3-class Submarine ,Japan ,1943 
383,I-58 / I-158 ,Kaidai-class Submarine ,Japan ,1925 
384,I-68 / I-168 ,Kaidai-class Submarine ,Japan ,1934 
385,Ibuki ,Ibuki-class Light Carrier ,Japan ,1943 
386,Icefish ,Balao-class Submarine ,United States , 
387,Ikazuchi ,Akatsuki-class Destroyer ,Japan ,1932 
388,Illustrious ,Illustrious-class Aircraft Carrier ,United Kingdom ,1939 
389,Ilmarinen ,VÃ¤inÃ¤mÃ¶inen-class Coastal Defense Ship ,Finland ,1931 
390,Iltis ,1924-class Motor Torpedo Boat ,Germany ,1927 
391,Impero ,Vittorio Veneto-class Battleship ,Italy ,1939 
392,Independence ,Independence-class Light Carrier ,United States ,1942 
393,Indiana ,South Dakota-class Battleship ,United States ,1941 
394,Indianapolis ,Portland-class Heavy Cruiser ,United States ,1931 
395,Indomitable ,Illustrious-class Aircraft Carrier ,United Kingdom ,1940 
396,Intrepid ,Essex-class Aircraft Carrier ,United States ,1943 
397,Iowa ,Iowa-class Battleship ,United States ,1942 
398,Irako ,No Classification ,Japan ,1941 
399,Iride ,Perla-class Submarine ,Italy ,1936 
400,Irwin ,Fletcher-class Destroyer ,United States ,1943 
401,Isaac Sweers ,Gerard Callenburgh-class Destroyer ,Netherlands ,1940 
402,Ise ,Ise-class Battleship ,Japan ,1916 
403,Isherwood ,Fletcher-class Destroyer ,United States ,1942 
404,Isuzu ,Nagara-class Light Cruiser ,Japan ,1921 
405,Itsukushima ,No Classification ,Japan ,1929 
406,Iwate ,Izumo-class Armored Cruiser ,Japan ,1900 
407,Izumo ,Izumo-class Armored Cruiser ,Japan ,1898 
408,J (Planned) ,H-class Battleship ,Germany ,"1941 (Projected, not actual) "
409,Jack ,Gato-class Submarine ,United States , 
410,Jaguar ,1924-class Motor Torpedo Boat ,Germany ,1928 
411,Jallao ,Balao-class Submarine ,United States , 
412,Jean Bart ,Richelieu-class Battleship ,France ,1940 
413,Jean de Vienne ,La GalissonniÃ¨re-class Light Cruiser ,France ,1935 
414,Jeanne d'Arc ,Jeanne d'Arc-class Light Cruiser ,France , 
415,Jintsu ,Sendai-class Light Cruiser ,Japan ,1923 
416,Johnston ,Fletcher-class Destroyer ,United States ,1943 
417,Juneau ,Atlanta-class Light Cruiser ,United States ,1941 
418,Junyo ,Hiyo-class Escort Carrier ,Japan ,1941 
419,K (Planned) ,H-class Battleship ,Germany ,"1942 (Projected, not actual) "
420,K1 (Planned) ,K1-class Gunboat ,Germany ,"1941 (Projected, not actual) "
421,K2 (Planned) ,K1-class Gunboat ,Germany ,"1941 (Projected, not actual) "
422,K3 (Planned) ,K1-class Gunboat ,Germany ,"1941 (Projected, not actual) "
423,K4 (Planned) ,K1-class Gunboat ,Germany ,"1941 (Projected, not actual) "
424,Kaga ,Kaga-class Aircraft Carrier ,Japan ,1921 
425,Kaganovich ,Kirov-class Light Cruiser ,Russia ,1944 
426,Kairyu-class Summary Information ,Kairyu-class Midget Submarine ,Japan , 
427,Kaiten-class Summary Information ,Kaiten-class Midget Submarine ,Japan , 
428,Kaiyo ,Kaiyo-class Escort Carrier ,Japan ,1938 
429,Kako ,Furutaka-class Heavy Cruiser ,Japan ,1925 
430,Kalinin ,Kirov-class Light Cruiser ,Russia ,1942 
431,Kamikaze ,Kamikaze-class Destroyer ,Japan ,1922 
432,Kamoi ,Kamoi-class Seaplane Tender ,Japan ,1922 
433,Karlsruhe ,K-class Light Cruiser ,Germany ,1927 
434,Kashi ,Momo-class Destroyer ,Japan ,1916 
435,Kashii ,Katori-class Light Cruiser ,Japan ,1941 
436,Kashima ,Katori-class Light Cruiser ,Japan ,1939 
437,Kasuga ,Kasuga-class Armored Cruiser ,Japan ,1902 
438,Katori ,Katori-class Light Cruiser ,Japan ,1939 
439,Katsuragi ,Unryu-class Aircraft Carrier ,Japan ,1943 
440,Kelly ,K-class Destroyer ,United Kingdom ,1938 
441,Kembu Maru ,No Classification ,Japan , 
442,Kete ,Balao-class Submarine ,United States ,1944 
443,Kikuzuki ,Mutsuki-class Destroyer ,Japan ,1926 
444,Kilkis ,Mississippi-class Battleship ,Greece , 
445,Kimberly ,Fletcher-class Destroyer ,United States ,1943 
446,Kinai Maru ,No Classification ,Japan , 
447,King George V ,King George V (1939)-class Battleship ,United Kingdom ,1939 
448,Kingfish ,Gato-class Submarine ,United States , 
449,Kinu ,Nagara-class Light Cruiser ,Japan ,1922 
450,Kinugasa ,Furutaka-class Heavy Cruiser ,Japan ,1926 
451,Kirishima ,Kongo-class Battleship ,Japan ,1913 
452,Kirov ,Kirov-class Light Cruiser ,Russia ,1936 
453,Kiso ,Kuma-class Light Cruiser ,Japan ,1920 
454,Kitakami ,Kuma-class Light Cruiser ,Japan ,1920 
455,Kitty Hawk ,Kitty Hawk-class Merchant Vessel ,United States ,1932 
456,Komet ,No Classification ,Germany ,1936 
457,Kondor ,1923-class Motor Torpedo Boat ,Germany ,1926 
458,Kongo ,Kongo-class Battleship ,Japan ,1913 
459,Kormoran ,No Classification ,Germany ,1938 
460,Kraken ,Balao-class Submarine ,United States , 
461,Kuala ,No Classification ,United Kingdom , 
462,Kuma ,Kuma-class Light Cruiser ,Japan ,1919 
463,Kumano ,Mogami-class Heavy Cruiser ,Japan ,1936 
464,Kurmark ,No Classification ,Germany , 
465,Kyne ,Cannon-class Destroyer Escort ,United States ,1943 
466,KÃ¶ln ,K-class Light Cruiser ,Germany ,1928 
467,KÃ¶nigsberg ,K-class Light Cruiser ,Germany ,1927 
468,L (Planned) ,H-class Battleship ,Germany ,"1940 (Projected, not actual) "
469,La GalissonniÃ¨re ,La GalissonniÃ¨re-class Light Cruiser ,France , 
470,La Motte-Picquet ,Duguay-Trouin-class Light Cruiser ,France ,1924 
471,Laffey (Allen M. Sumner-class) ,Allen M. Sumner-class Destroyer ,United States ,1943 
472,Laffey (Benson-class) ,Benson-class Destroyer ,United States ,1941 
473,Lagarto ,Balao-class Submarine ,United States , 
474,Lamprey ,Balao-class Submarine ,United States , 
475,Lanciere ,Soldati-class Destroyer ,Italy , 
476,Langley (Independence-class) ,Independence-class Light Carrier ,United States ,1943 
477,Langley (Langley-class) ,Langley-class Seaplane Tender ,United States , 
478,Lansdowne ,Gleaves-class Destroyer ,United States ,1942 
479,Lapon ,Gato-class Submarine ,United States , 
480,Lardner ,Gleaves-class Destroyer ,United States ,1942 
481,Lawrence ,Clemson-class Destroyer ,United States ,1920 
482,LCI(L)-class Summary Information ,LCI(L)-class Landing Ship ,United States , 
483,LCVP-class Summary Information ,LCVP-class Landing Craft ,United States , 
484,Legionaro ,Soldati-class Destroyer ,Italy , 
485,Leipzig ,Leipzig-class Light Cruiser ,Germany ,1929 
486,Lemnos ,Mississippi-class Battleship ,Greece ,1905 
487,Leopard ,1924-class Motor Torpedo Boat ,Germany ,1928 
488,Leutze ,Fletcher-class Destroyer ,United States ,1942 
489,Lexington (Essex-class) ,Essex-class Aircraft Carrier ,United States ,1942 
490,Lexington (Lexington-class) ,Lexington-class Aircraft Carrier ,United States ,1925 
491,Ling ,Balao-class Submarine ,United States ,1943 
492,Lionfish ,Balao-class Submarine ,United States , 
493,Littorio ,Vittorio Veneto-class Battleship ,Italy ,1937 
494,Lizardfish ,Balao-class Submarine ,United States , 
495,Loggerhead ,Balao-class Submarine ,United States , 
496,London ,County-class Heavy Cruiser ,United Kingdom ,1927 
497,Long Island ,Long Island-class Escort Carrier ,United States ,1940 
498,Lorraine ,Bretagne-class Battleship ,France ,1913 
499,Louisville ,Northampton-class Heavy Cruiser ,United States ,1930 
500,LST-1 ,LST-class Landing Ship ,United States ,1942 
501,LST-412 ,LST-class Landing Ship ,United Kingdom ,1942 
502,Luce ,Fletcher-class Destroyer ,United States ,1943 
503,Luchs ,1924-class Motor Torpedo Boat ,Germany ,1928 
504,LÃ¼tzow ,Admiral Hipper-class Heavy Cruiser ,Germany ,1939 
505,M (Planned) ,H-class Battleship ,Germany ,"1942 (Projected, not actual) "
506,M ,No Classification ,Germany , 
507,M (Planned) ,M-class Light Cruiser ,Germany ,"1941 (Projected, not actual) "
508,M (Planned) ,M-class Light Cruiser ,Germany ,"1945 (Projected, not actual) "
509,M1 ,M-class Minesweeper ,Germany ,1937 
510,M10 ,M-class Minesweeper ,Germany ,1938 
511,M101 ,M-class Minesweeper ,Germany ,1941 
512,M102 ,M-class Minesweeper ,Germany ,1941 
513,M103 ,M-class Minesweeper ,Germany ,1941 
514,M104 ,M-class Minesweeper ,Germany ,1942 
515,M107 ,M-class Minesweeper ,Germany ,1918 
516,M11 ,M-class Minesweeper ,Germany ,1938 
517,M12 ,M-class Minesweeper ,Germany ,1938 
518,M13 ,M-class Minesweeper ,Germany ,1939 
519,M131 ,M-class Minesweeper ,Germany , 
520,M132 ,M-class Minesweeper ,Germany , 
521,M133 ,M-class Minesweeper ,Germany , 
522,M14 ,M-class Minesweeper ,Germany ,1939 
523,M15 ,M-class Minesweeper ,Germany ,1939 
524,M151 ,M-class Minesweeper ,Germany , 
525,M152 ,M-class Minesweeper ,Germany , 
526,M153 ,M-class Minesweeper ,Germany , 
527,M154 ,M-class Minesweeper ,Germany , 
528,M155 ,M-class Minesweeper ,Germany , 
529,M156 ,M-class Minesweeper ,Germany , 
530,M16 ,M-class Minesweeper ,Germany ,1939 
531,M17 ,M-class Minesweeper ,Germany ,1939 
532,M18 ,M-class Minesweeper ,Germany ,1939 
533,M19 ,M-class Minesweeper ,Germany ,1939 
534,M2 (Planned) ,M2-class Light Cruiser ,Germany ,"1947 (Projected, not actual) "
535,M2 ,M-class Minesweeper ,Germany ,1937 
536,M20 ,M-class Minesweeper ,Germany ,1939 
537,M201 ,M-class Minesweeper ,Germany ,1940 
538,M202 ,M-class Minesweeper ,Germany ,1940 
539,M203 ,M-class Minesweeper ,Germany ,1940 
540,M204 ,M-class Minesweeper ,Germany ,1940 
541,M205 ,M-class Minesweeper ,Germany ,1941 
542,M206 ,M-class Minesweeper ,Germany ,1941 
543,M21 ,M-class Minesweeper ,Germany ,1939 
544,M22 ,M-class Minesweeper ,Germany ,1940 
545,M23 ,M-class Minesweeper ,Germany ,1940 
546,M24 ,M-class Minesweeper ,Germany ,1940 
547,M25 ,M-class Minesweeper ,Germany ,1940 
548,M251 ,M-class Minesweeper ,Germany ,1940 
549,M252 ,M-class Minesweeper ,Germany ,1940 
550,M253 ,M-class Minesweeper ,Germany ,1940 
551,M254 ,M-class Minesweeper ,Germany ,1941 
552,M255 ,M-class Minesweeper ,Germany ,1941 
553,M256 ,M-class Minesweeper ,Germany ,1941 
554,M26 ,M-class Minesweeper ,Germany ,1940 
555,M261 ,M-class Minesweeper ,Germany ,1942 
556,M262 ,M-class Minesweeper ,Germany ,1942 
557,M263 ,M-class Minesweeper ,Germany ,1942 
558,M264 ,M-class Minesweeper ,Germany , 
559,M265 ,M-class Minesweeper ,Germany ,1943 
560,M266 ,M-class Minesweeper ,Germany ,1944 
561,M267 ,M-class Minesweeper ,Germany ,1944 
562,M27 ,M-class Minesweeper ,Germany ,1940 
563,M271 ,M-class Minesweeper ,Germany ,1942 
564,M272 ,M-class Minesweeper ,Germany ,1942 
565,M273 ,M-class Minesweeper ,Germany ,1942 
566,M274 ,M-class Minesweeper ,Germany ,1942 
567,M275 ,M-class Minesweeper ,Germany ,1943 
568,M276 ,M-class Minesweeper ,Germany ,1943 
569,M277 ,M-class Minesweeper ,Germany ,1943 
570,M278 ,M-class Minesweeper ,Germany ,1944 
571,M279 ,M-class Minesweeper ,Germany ,1944 
572,M28 ,M-class Minesweeper ,Germany ,1940 
573,M280 ,M-class Minesweeper ,Germany , 
574,M29 ,M-class Minesweeper ,Germany ,1940 
575,M291 ,M-class Minesweeper ,Germany , 
576,M292 ,M-class Minesweeper ,Germany , 
577,M293 ,M-class Minesweeper ,Germany , 
578,M294 ,M-class Minesweeper ,Germany , 
579,M295 (Planned) ,M-class Minesweeper ,Germany , 
580,M296 ,M-class Minesweeper ,Germany , 
581,M297 (Planned) ,M-class Minesweeper ,Germany , 
582,M3 ,M-class Minesweeper ,Germany ,1937 
583,M30 ,M-class Minesweeper ,Germany ,1940 
584,M301 ,M-class Minesweeper ,Germany , 
585,M302 ,M-class Minesweeper ,Germany , 
586,M303 ,M-class Minesweeper ,Germany , 
587,M304 ,M-class Minesweeper ,Germany , 
588,M305 ,M-class Minesweeper ,Germany , 
589,M306 ,M-class Minesweeper ,Germany , 
590,M307 ,M-class Minesweeper ,Germany , 
591,M31 ,M-class Minesweeper ,Germany ,1940 
592,M32 ,M-class Minesweeper ,Germany ,1940 
593,M321 ,M-class Minesweeper ,Germany ,1941 
594,M322 ,M-class Minesweeper ,Germany ,1941 
595,M323 ,M-class Minesweeper ,Germany ,1941 
596,M324 ,M-class Minesweeper ,Germany ,1941 
597,M325 ,M-class Minesweeper ,Germany ,1942 
598,M326 ,M-class Minesweeper ,Germany ,1943 
599,M327 ,M-class Minesweeper ,Germany ,1943 
600,M328 ,M-class Minesweeper ,Germany ,1943 
601,M329 ,M-class Minesweeper ,Germany , 
602,M33 ,M-class Minesweeper ,Germany ,1942 
603,M330 ,M-class Minesweeper ,Germany , 
604,M34 ,M-class Minesweeper ,Germany ,1942 
605,M341 ,M-class Minesweeper ,Germany ,1941 
606,M342 ,M-class Minesweeper ,Germany ,1941 
607,M343 ,M-class Minesweeper ,Germany ,1941 
608,M344 ,M-class Minesweeper ,Germany ,1941 
609,M345 ,M-class Minesweeper ,Germany ,1942 
610,M346 ,M-class Minesweeper ,Germany ,1942 
611,M347 ,M-class Minesweeper ,Germany ,1942 
612,M348 ,M-class Minesweeper ,Germany ,1942 
613,M35 ,M-class Minesweeper ,Germany ,1940 
614,M36 ,M-class Minesweeper ,Germany ,1940 
615,M361 ,M-class Minesweeper ,Germany , 
616,M362 ,M-class Minesweeper ,Germany , 
617,M363 ,M-class Minesweeper ,Germany , 
618,M364 ,M-class Minesweeper ,Germany , 
619,M365 ,M-class Minesweeper ,Germany , 
620,M366 ,M-class Minesweeper ,Germany , 
621,M367 ,M-class Minesweeper ,Germany , 
622,M368 ,M-class Minesweeper ,Germany , 
623,M369 ,M-class Minesweeper ,Germany , 
624,M37 ,M-class Minesweeper ,Germany ,1940 
625,M370 ,M-class Minesweeper ,Germany , 
626,M371 ,M-class Minesweeper ,Germany , 
627,M372 ,M-class Minesweeper ,Germany , 
628,M373 ,M-class Minesweeper ,Germany , 
629,M374 ,M-class Minesweeper ,Germany , 
630,M375 ,M-class Minesweeper ,Germany , 
631,M376 ,M-class Minesweeper ,Germany , 
632,M377 ,M-class Minesweeper ,Germany , 
633,M378 (Planned) ,M-class Minesweeper ,Germany , 
634,M379 (Planned) ,M-class Minesweeper ,Germany , 
635,M38 ,M-class Minesweeper ,Germany ,1941 
636,M380 (Planned) ,M-class Minesweeper ,Germany , 
637,M381 ,M-class Minesweeper ,Germany , 
638,M382 ,M-class Minesweeper ,Germany , 
639,M383 ,M-class Minesweeper ,Germany , 
640,M384 ,M-class Minesweeper ,Germany , 
641,M385 ,M-class Minesweeper ,Germany , 
642,M386 ,M-class Minesweeper ,Germany , 
643,M387 ,M-class Minesweeper ,Germany , 
644,M388 ,M-class Minesweeper ,Germany , 
645,M389 ,M-class Minesweeper ,Germany , 
646,M39 ,M-class Minesweeper ,Germany ,1941 
647,M4 ,M-class Minesweeper ,Germany ,1937 
648,M401 ,M-class Minesweeper ,Germany , 
649,M402 ,M-class Minesweeper ,Germany , 
650,M403 ,M-class Minesweeper ,Germany , 
651,M404 ,M-class Minesweeper ,Germany , 
652,M405 ,M-class Minesweeper ,Germany , 
653,M406 ,M-class Minesweeper ,Germany , 
654,M407 ,M-class Minesweeper ,Germany , 
655,M408 ,M-class Minesweeper ,Germany , 
656,M409 (Planned) ,M-class Minesweeper ,Germany , 
657,M410 (Planned) ,M-class Minesweeper ,Germany , 
658,M411 ,M-class Minesweeper ,Germany , 
659,M412 ,M-class Minesweeper ,Germany , 
660,M413 ,M-class Minesweeper ,Germany , 
661,M414 ,M-class Minesweeper ,Germany , 
662,M415 ,M-class Minesweeper ,Germany , 
663,M416 ,M-class Minesweeper ,Germany , 
664,M417 (Planned) ,M-class Minesweeper ,Germany , 
665,M418 (Planned) ,M-class Minesweeper ,Germany , 
666,M419 (Planned) ,M-class Minesweeper ,Germany , 
667,M420 (Planned) ,M-class Minesweeper ,Germany , 
668,M421 ,M-class Minesweeper ,Germany , 
669,M422 ,M-class Minesweeper ,Germany , 
670,M423 ,M-class Minesweeper ,Germany , 
671,M424 ,M-class Minesweeper ,Germany , 
672,M425 ,M-class Minesweeper ,Germany , 
673,M426 ,M-class Minesweeper ,Germany , 
674,M427 ,M-class Minesweeper ,Germany , 
675,M428 ,M-class Minesweeper ,Germany , 
676,M429 (Planned) ,M-class Minesweeper ,Germany , 
677,M430 (Planned) ,M-class Minesweeper ,Germany , 
678,M431 ,M-class Minesweeper ,Germany , 
679,M432 ,M-class Minesweeper ,Germany , 
680,M433 ,M-class Minesweeper ,Germany , 
681,M434 ,M-class Minesweeper ,Germany , 
682,M435 ,M-class Minesweeper ,Germany , 
683,M436 ,M-class Minesweeper ,Germany , 
684,M437 ,M-class Minesweeper ,Germany , 
685,M438 ,M-class Minesweeper ,Germany , 
686,M439 (Planned) ,M-class Minesweeper ,Germany , 
687,M440 (Planned) ,M-class Minesweeper ,Germany , 
688,M441 ,M-class Minesweeper ,Germany , 
689,M442 ,M-class Minesweeper ,Germany , 
690,M443 ,M-class Minesweeper ,Germany , 
691,M444 ,M-class Minesweeper ,Germany , 
692,M445 ,M-class Minesweeper ,Germany , 
693,M446 ,M-class Minesweeper ,Germany , 
694,M447 (Planned) ,M-class Minesweeper ,Germany , 
695,M448 (Planned) ,M-class Minesweeper ,Germany , 
696,M449 (Planned) ,M-class Minesweeper ,Germany , 
697,M450 (Planned) ,M-class Minesweeper ,Germany , 
698,M451 (Planned) ,M-class Minesweeper ,Germany , 
699,M452 (Planned) ,M-class Minesweeper ,Germany , 
700,M453 (Planned) ,M-class Minesweeper ,Germany , 
701,M454 (Planned) ,M-class Minesweeper ,Germany , 
702,M455 (Planned) ,M-class Minesweeper ,Germany , 
703,M456 (Planned) ,M-class Minesweeper ,Germany , 
704,M457 (Planned) ,M-class Minesweeper ,Germany , 
705,M458 (Planned) ,M-class Minesweeper ,Germany , 
706,M459 ,M-class Minesweeper ,Germany , 
707,M460 ,M-class Minesweeper ,Germany , 
708,M461 ,M-class Minesweeper ,Germany , 
709,M462 ,M-class Minesweeper ,Germany , 
710,M463 ,M-class Minesweeper ,Germany , 
711,M464 (Planned) ,M-class Minesweeper ,Germany , 
712,M465 (Planned) ,M-class Minesweeper ,Germany , 
713,M466 (Planned) ,M-class Minesweeper ,Germany , 
714,M467 ,M-class Minesweeper ,Germany , 
715,M468 ,M-class Minesweeper ,Germany , 
716,M469 ,M-class Minesweeper ,Germany , 
717,M470 ,M-class Minesweeper ,Germany , 
718,M471 ,M-class Minesweeper ,Germany , 
719,M472 (Planned) ,M-class Minesweeper ,Germany , 
720,M473 (Planned) ,M-class Minesweeper ,Germany , 
721,M474 (Planned) ,M-class Minesweeper ,Germany , 
722,M475 ,M-class Minesweeper ,Germany , 
723,M476 ,M-class Minesweeper ,Germany , 
724,M477 (Planned) ,M-class Minesweeper ,Germany , 
725,M478 (Planned) ,M-class Minesweeper ,Germany , 
726,M479 (Planned) ,M-class Minesweeper ,Germany , 
727,M480 (Planned) ,M-class Minesweeper ,Germany , 
728,M481 (Planned) ,M-class Minesweeper ,Germany , 
729,M482 (Planned) ,M-class Minesweeper ,Germany , 
730,M483 ,M-class Minesweeper ,Germany , 
731,M484 ,M-class Minesweeper ,Germany , 
732,M485 (Planned) ,M-class Minesweeper ,Germany , 
733,M486 ,M-class Minesweeper ,Germany , 
734,M487 (Planned) ,M-class Minesweeper ,Germany , 
735,M488 (Planned) ,M-class Minesweeper ,Germany , 
736,M489 ,M-class Minesweeper ,Germany , 
737,M490 (Planned) ,M-class Minesweeper ,Germany , 
738,M491 (Planned) ,M-class Minesweeper ,Germany , 
739,M492 (Planned) ,M-class Minesweeper ,Germany , 
740,M493 (Planned) ,M-class Minesweeper ,Germany , 
741,M494 (Planned) ,M-class Minesweeper ,Germany , 
742,M495 ,M-class Minesweeper ,Germany , 
743,M496 ,M-class Minesweeper ,Germany , 
744,M5 ,M-class Minesweeper ,Germany ,1937 
745,M6 ,M-class Minesweeper ,Germany ,1938 
746,M601 (Planned) ,M-class Minesweeper ,Germany , 
747,M602 (Planned) ,M-class Minesweeper ,Germany , 
748,M603 (Planned) ,M-class Minesweeper ,Germany , 
749,M604 (Planned) ,M-class Minesweeper ,Germany , 
750,M605 (Planned) ,M-class Minesweeper ,Germany , 
751,M606 (Planned) ,M-class Minesweeper ,Germany , 
752,M607 (Planned) ,M-class Minesweeper ,Germany , 
753,M608 (Planned) ,M-class Minesweeper ,Germany , 
754,M609 (Planned) ,M-class Minesweeper ,Germany , 
755,M610 (Planned) ,M-class Minesweeper ,Germany , 
756,M611 (Planned) ,M-class Minesweeper ,Germany , 
757,M612 (Planned) ,M-class Minesweeper ,Germany , 
758,M613 (Planned) ,M-class Minesweeper ,Germany , 
759,M614 (Planned) ,M-class Minesweeper ,Germany , 
760,M615 (Planned) ,M-class Minesweeper ,Germany , 
761,M616 (Planned) ,M-class Minesweeper ,Germany , 
762,M617 (Planned) ,M-class Minesweeper ,Germany , 
763,M618 (Planned) ,M-class Minesweeper ,Germany , 
764,M619 (Planned) ,M-class Minesweeper ,Germany , 
765,M620 (Planned) ,M-class Minesweeper ,Germany , 
766,M621 (Planned) ,M-class Minesweeper ,Germany , 
767,M622 (Planned) ,M-class Minesweeper ,Germany , 
768,M623 (Planned) ,M-class Minesweeper ,Germany , 
769,M624 (Planned) ,M-class Minesweeper ,Germany , 
770,M625 (Planned) ,M-class Minesweeper ,Germany , 
771,M626 (Planned) ,M-class Minesweeper ,Germany , 
772,M627 (Planned) ,M-class Minesweeper ,Germany , 
773,M628 (Planned) ,M-class Minesweeper ,Germany , 
774,M629 (Planned) ,M-class Minesweeper ,Germany , 
775,M630 (Planned) ,M-class Minesweeper ,Germany , 
776,M631 (Planned) ,M-class Minesweeper ,Germany , 
777,M632 (Planned) ,M-class Minesweeper ,Germany , 
778,M633 (Planned) ,M-class Minesweeper ,Germany , 
779,M7 ,M-class Minesweeper ,Germany ,1937 
780,M8 ,M-class Minesweeper ,Germany ,1937 
781,M801 (Planned) ,M-class Minesweeper ,Germany , 
782,M802 (Planned) ,M-class Minesweeper ,Germany , 
783,M803 (Planned) ,M-class Minesweeper ,Germany , 
784,M804 (Planned) ,M-class Minesweeper ,Germany , 
785,M805 (Planned) ,M-class Minesweeper ,Germany , 
786,M806 (Planned) ,M-class Minesweeper ,Germany , 
787,M807 (Planned) ,M-class Minesweeper ,Germany , 
788,M808 (Planned) ,M-class Minesweeper ,Germany , 
789,M809 (Planned) ,M-class Minesweeper ,Germany , 
790,M81 ,M-class Minesweeper ,Germany ,1940 
791,M810 (Planned) ,M-class Minesweeper ,Germany , 
792,M811 (Planned) ,M-class Minesweeper ,Germany , 
793,M812 (Planned) ,M-class Minesweeper ,Germany , 
794,M813 (Planned) ,M-class Minesweeper ,Germany , 
795,M814 (Planned) ,M-class Minesweeper ,Germany , 
796,M815 (Planned) ,M-class Minesweeper ,Germany , 
797,M816 (Planned) ,M-class Minesweeper ,Germany , 
798,M82 ,M-class Minesweeper ,Germany ,1941 
799,M83 ,M-class Minesweeper ,Germany ,1941 
800,M84 ,M-class Minesweeper ,Germany ,1941 
801,M85 ,M-class Minesweeper ,Germany ,1941 
802,M9 ,M-class Minesweeper ,Germany ,1937 
803,Macabi ,Balao-class Submarine ,United States , 
804,Mackerel ,Mackerel-class Submarine ,United States , 
805,Mahan ,Mahan-class Destroyer ,United States ,1935 
806,Makin Island ,Casablanca-class Escort Carrier ,United States ,1944 
807,Malaya ,Queen Elizabeth-class Battleship ,United Kingdom ,1915 
808,Manila Bay ,Casablanca-class Escort Carrier ,United States ,1943 
809,Manta ,Balao-class Submarine ,United States ,1943 
810,Mapiro ,Balao-class Submarine ,United States , 
811,Marblehead ,Omaha-class Light Cruiser ,United States ,1923 
812,Marcus Island ,Casablanca-class Escort Carrier ,United States ,1943 
813,Marlin ,Mackerel-class Submarine ,United States ,1941 
814,Marseillaise ,La GalissonniÃ¨re-class Light Cruiser ,France ,1935 
815,Maryland ,Colorado-class Battleship ,United States ,1920 
816,MAS-class Summary Information ,MAS-class Motor Torpedo Boat ,Italy , 
817,Mason ,Evarts-class Destroyer Escort ,United States ,1943 
818,Massachusetts ,South Dakota-class Battleship ,United States ,1941 
819,Matsu ,Matsu-class Destroyer ,Japan ,1944 
820,Mauritius ,Crown Colony-class Light Cruiser ,United Kingdom ,1939 
821,Maury ,Gridley-class Destroyer ,United States ,1938 
822,Maxim Gorkiy ,Kirov-class Light Cruiser ,Russia ,1938 
823,Maya ,Takao-class Heavy Cruiser ,Japan ,1930 
824,McCall ,Gridley-class Destroyer ,United States ,1937 
825,McDougal ,Porter-class Destroyer ,United States , 
826,McFarland ,Clemson-class Destroyer ,United States ,1920 
827,Memphis ,Omaha-class Light Cruiser ,United States ,1924 
828,Menhaden ,Balao-class Submarine ,United States ,1944 
829,Mero ,Balao-class Submarine ,United States ,1945 
830,Miami ,Cleveland-class Light Cruiser ,United States ,1942 
831,Michel ,No Classification ,Germany ,1939 
832,Michishio ,Asashio-class Destroyer ,Japan ,1937 
833,Mikuma ,Mogami-class Heavy Cruiser ,Japan ,1934 
834,Milfoil ,Flower-class Corvette ,United Kingdom ,1942 
835,Milwaukee ,Omaha-class Light Cruiser ,United States ,1921 
836,Minegumo ,Asashio-class Destroyer ,Japan ,1938 
837,Mingo ,Gato-class Submarine ,United States ,1942 
838,Minneapolis ,New Orleans-class Heavy Cruiser ,United States ,1933 
839,Minquan ,No Classification ,China ,1929 
840,Mircea ,Gorch Fock-class Barque ,Germany ,1938 
841,Mississippi ,New Mexico-class Battleship ,United States ,1917 
842,Missouri ,Iowa-class Battleship ,United States ,1944 
843,Mitragliero ,Soldati-class Destroyer ,Italy , 
844,Mogami ,Mogami-class Heavy Cruiser ,Japan ,1934 
845,Molotov ,Kirov-class Light Cruiser ,Russia ,1939 
846,Monaghan ,Farragut-class Destroyer ,United States ,1935 
847,Montcalm ,La GalissonniÃ¨re-class Light Cruiser ,France ,1935 
848,Monterey ,Independence-class Light Carrier ,United States ,1943 
849,Montevideo Maru ,No Classification ,Japan , 
850,Montpelier ,Cleveland-class Light Cruiser ,United States ,1942 
851,Moray ,Balao-class Submarine ,United States , 
852,MT-class Summary Information ,MT-class Motor Torpedo Boat ,Italy , 
853,Mugford ,Bagley-class Destroyer ,United States ,1936 
854,Murasame ,Shiratsuyu-class Destroyer ,Japan ,1937 
855,Musashi ,Yamato-class Battleship ,Japan ,1940 
856,Muskallunge ,Gato-class Submarine ,United States , 
857,Mutsu ,Nagato-class Battleship ,Japan ,1920 
858,Mutsuki ,Mutsuki-class Destroyer ,Japan ,1926 
859,Myoko ,Myoko-class Heavy Cruiser ,Japan ,1927 
860,MÃ¶we ,1923-class Motor Torpedo Boat ,Germany ,1926 
861,N (Planned) ,M-class Light Cruiser ,Germany ,"1945 (Projected, not actual) "
862,N (Planned) ,H-class Battleship ,Germany ,"1943 (Projected, not actual) "
863,N ,No Classification ,Germany , 
864,N (Planned) ,M-class Light Cruiser ,Germany ,"1942 (Projected, not actual) "
865,N2 (Planned) ,M2-class Light Cruiser ,Germany ,"1947 (Projected, not actual) "
866,Nachi ,Myoko-class Heavy Cruiser ,Japan ,1927 
867,Nagara ,Nagara-class Light Cruiser ,Japan ,1922 
868,Nagato ,Nagato-class Battleship ,Japan ,1919 
869,Nagatsuki ,Mutsuki-class Destroyer ,Japan ,1927 
870,Naka ,Sendai-class Light Cruiser ,Japan ,1925 
871,Narwhal ,Narwhal-class Submarine ,United States , 
872,Nashville ,Brooklyn-class Light Cruiser ,United States ,1937 
873,Natoma Bay ,Casablanca-class Escort Carrier ,United States ,1943 
874,Natori ,Nagara-class Light Cruiser ,Japan ,1922 
875,Nautilus ,Narwhal-class Submarine ,United States ,1930 
876,Nehenta Bay ,Casablanca-class Escort Carrier ,United States , 
877,Nelson ,Nelson-class Battleship ,United Kingdom ,1925 
878,Neptune ,Leander-class Light Cruiser ,United Kingdom ,1933 
879,Nevada ,Nevada-class Battleship ,United States ,1914 
880,New Jersey ,Iowa-class Battleship ,United States ,1942 
881,New Mexico ,New Mexico-class Battleship ,United States ,1917 
882,New Orleans ,New Orleans-class Heavy Cruiser ,United States ,1933 
883,New York ,New York-class Battleship ,United States ,1912 
884,Newcastle ,Town-class Light Cruiser ,United Kingdom ,1936 
885,Ninghai ,Ninghai-class Light Cruiser ,China ,1931 
886,Nisshin ,Nisshin-class Seaplane Carrier ,Japan ,1939 
887,No. 101/103-class Summary Information ,No. 101/103-class Landing Ship ,Japan , 
888,Nordmark ,Dithmarschen-class Auxiliary ,Germany ,1937 
889,North Carolina ,North Carolina-class Battleship ,United States ,1940 
890,Northampton ,Northampton-class Heavy Cruiser ,United States ,1929 
891,Noshiro ,Agano-class Light Cruiser ,Japan ,1942 
892,Nymphe ,No Classification ,Germany , 
893,NÃ¼rnberg ,Leipzig-class Light Cruiser ,Germany ,1934 
894,O (Planned) ,O-class Battlecruiser ,Germany ,"1941 (Projected, not actual) "
895,O (Planned) ,M-class Light Cruiser ,Germany ,"1943 (Projected, not actual) "
896,O (Planned) ,M-class Light Cruiser ,Germany ,"1945 (Projected, not actual) "
897,O'Brien ,Sims-class Destroyer ,United States ,1939 
898,O2 (Planned) ,M2-class Light Cruiser ,Germany ,"1947 (Projected, not actual) "
899,Oberon ,O-class Submarine ,United Kingdom ,1926 
900,Oi ,Kuma-class Light Cruiser ,Japan ,1920 
901,Oklahoma ,Nevada-class Battleship ,United States , 
902,Ommaney Bay ,Casablanca-class Escort Carrier ,United States ,1943 
903,Onami ,Yugumo-class Destroyer ,Japan , 
904,Oregon ,Indiana-class Battleship ,United States ,1893 
905,Orion ,No Classification ,Germany ,1930 
906,Orzel ,Orzel-class Submarine ,Poland ,1938 
907,Oshio ,Asashio-class Destroyer ,Japan , 
908,Ostmark ,No Classification ,Germany ,1936 
909,Otto WÃ¼nsche ,Otto WÃ¼nsche-class Submarine Tender ,Germany ,1940 
910,Oyodo ,Oyodo-class Light Cruiser ,Japan ,1942 
911,P (Planned) ,M-class Light Cruiser ,Germany ,"1945 (Projected, not actual) "
912,P (Planned) ,O-class Battlecruiser ,Germany ,"1941 (Projected, not actual) "
913,P (Planned) ,M-class Light Cruiser ,Germany ,"1943 (Projected, not actual) "
914,P1 (Planned) ,P-class Heavy Cruiser ,Germany ,"1943 (Projected, not actual) "
915,P10 (Planned) ,P-class Heavy Cruiser ,Germany ,"1944 (Projected, not actual) "
916,P11 (Planned) ,P-class Heavy Cruiser ,Germany ,"1944 (Projected, not actual) "
917,P12 (Planned) ,P-class Heavy Cruiser ,Germany ,"1945 (Projected, not actual) "
918,P2 (Planned) ,P-class Heavy Cruiser ,Germany ,"1942 (Projected, not actual) "
919,P2 (Planned) ,M2-class Light Cruiser ,Germany ,"1947 (Projected, not actual) "
920,P3 (Planned) ,P-class Heavy Cruiser ,Germany ,"1944 (Projected, not actual) "
921,P4 (Planned) ,P-class Heavy Cruiser ,Germany ,"1942 (Projected, not actual) "
922,P5 (Planned) ,P-class Heavy Cruiser ,Germany ,"1943 (Projected, not actual) "
923,P6 (Planned) ,P-class Heavy Cruiser ,Germany ,"1945 (Projected, not actual) "
924,P7 (Planned) ,P-class Heavy Cruiser ,Germany ,"1945 (Projected, not actual) "
925,P8 (Planned) ,P-class Heavy Cruiser ,Germany ,"1945 (Projected, not actual) "
926,P9 (Planned) ,P-class Heavy Cruiser ,Germany ,"1944 (Projected, not actual) "
927,Paddle ,Gato-class Submarine ,United States , 
928,Pampanito ,Balao-class Submarine ,United States , 
929,Panay ,No Classification ,United States , 
930,Papanikolis ,Katsonis-class Submarine ,Greece , 
931,Parche ,Balao-class Submarine ,United States ,1943 
932,Pargo ,Gato-class Submarine ,United States , 
933,Parizhskava Kommuna ,Gangut-class Battleship ,Russia ,1911 
934,Pasadena ,Cleveland-class Light Cruiser ,United States ,1943 
935,Pennsylvania ,Pennsylvania-class Battleship ,United States ,1915 
936,Pensacola ,Pensacola-class Heavy Cruiser ,United States ,1929 
937,Perch (Balao-class) ,Balao-class Submarine ,United States , 
938,Perch (Porpoise-class) ,Porpoise-class Submarine ,United States ,1936 
939,Permit ,Porpoise-class Submarine ,United States ,1936 
940,Perth ,Leander-class Light Cruiser ,Australia ,1934 
941,Peto ,Gato-class Submarine ,United States , 
942,Petrof Bay ,Casablanca-class Escort Carrier ,United States ,1944 
943,Philip ,Fletcher-class Destroyer ,United States ,1942 
944,Phoenix ,Brooklyn-class Light Cruiser ,United States ,1938 
945,Pickerel ,Porpoise-class Submarine ,United States ,1936 
946,Picking ,Fletcher-class Destroyer ,United States ,1943 
947,Picuda ,Balao-class Submarine ,United States , 
948,Pike ,Porpoise-class Submarine ,United States , 
949,Pilotfish ,Balao-class Submarine ,United States , 
950,Pinghai ,Ninghai-class Light Cruiser ,China ,1935 
951,Pinguin ,No Classification ,Germany ,1936 
952,Pintado ,Balao-class Submarine ,United States ,1943 
953,Pipefish ,Balao-class Submarine ,United States , 
954,Piper ,Balao-class Submarine ,United States , 
955,Piranha ,Balao-class Submarine ,United States ,1943 
956,Plaice ,Balao-class Submarine ,United States ,1943 
957,Plunger ,Porpoise-class Submarine ,United States , 
958,Pogy ,Gato-class Submarine ,United States ,1942 
959,Pola ,Zara-class Heavy Cruiser ,Italy , 
960,Pollack ,Porpoise-class Submarine ,United States ,1936 
961,Pomfret ,Balao-class Submarine ,United States , 
962,Pomodon ,Tench-class Submarine ,United States , 
963,Pompano ,Porpoise-class Submarine ,United States , 
964,Pompon ,Gato-class Submarine ,United States ,1942 
965,Porpoise ,Porpoise-class Submarine ,United States , 
966,Porter ,Porter-class Destroyer ,United States ,1935 
967,Portland ,Portland-class Heavy Cruiser ,United States ,1932 
968,Preston (Fletcher-class) ,Fletcher-class Destroyer ,United States ,1943 
969,Preston (Mahan-class) ,Mahan-class Destroyer ,United States ,1936 
970,Prichett ,Fletcher-class Destroyer ,United States ,1943 
971,Primauguet ,Duguay-Trouin-class Light Cruiser ,France ,1924 
972,Prince of Wales ,King George V (1939)-class Battleship ,United Kingdom , 
973,Princeton ,Independence-class Light Carrier ,United States ,1942 
974,Pringle ,Fletcher-class Destroyer ,United States ,1942 
975,Prinz Eugen ,Admiral Hipper-class Heavy Cruiser ,Germany ,1938 
976,Proteus ,Fulton-class Submarine Tender ,United States ,1942 
977,Provence ,Bretagne-class Battleship ,France ,1913 
978,PT-class Summary Information ,PT-class Motor Torpedo Boat ,United States , 
979,Puffer ,Gato-class Submarine ,United States ,1942 
980,Q (Planned) ,M-class Light Cruiser ,Germany ,"1943 (Projected, not actual) "
981,Q (Planned) ,M-class Light Cruiser ,Germany ,"1945 (Projected, not actual) "
982,Q (Planned) ,O-class Battlecruiser ,Germany ,"1942 (Projected, not actual) "
983,Q2 (Planned) ,M2-class Light Cruiser ,Germany ,"1947 (Projected, not actual) "
984,Queen Elizabeth ,No Classification ,United Kingdom ,1938 
985,Queen Elizabeth ,Queen Elizabeth-class Battleship ,United Kingdom ,1913 
986,Queen Mary ,No Classification ,United Kingdom ,1934 
987,Queenfish ,Balao-class Submarine ,United States , 
988,Quillback ,Tench-class Submarine ,United States , 
989,Quincy (Baltimore-class) ,Baltimore-class Heavy Cruiser ,United States , 
990,Quincy (New Orleans-class) ,New Orleans-class Heavy Cruiser ,United States ,1935 
991,R (Planned) ,M-class Light Cruiser ,Germany ,"1943 (Projected, not actual) "
992,R (Planned) ,M-class Light Cruiser ,Germany ,"1945 (Projected, not actual) "
993,R-1 ,R-class Submarine ,United States ,1918 
994,R-14 ,R-class Submarine ,United States ,1919 
995,R-5 ,R-class Submarine ,United States ,1918 
996,R-7 ,R-class Submarine ,United States , 
997,R2 (Planned) ,M2-class Light Cruiser ,Germany ,"1947 (Projected, not actual) "
998,Raleigh ,Omaha-class Light Cruiser ,United States , 
999,Rall ,Evarts-class Destroyer Escort ,United States ,1943 
1000,Ralph Talbot ,Bagley-class Destroyer ,United States ,1936 
1001,Randolph ,Essex-class Aircraft Carrier ,United States ,1944 
1002,Ranger ,Ranger-class Aircraft Carrier ,United States , 
1003,Rasher ,Gato-class Submarine ,United States , 
1004,Raton ,Gato-class Submarine ,United States , 
1005,Rawalpindi ,R-class Merchant Vessel ,United Kingdom ,1925 
1006,Ray ,Gato-class Submarine ,United States ,1943 
1007,Razorback ,Balao-class Submarine ,United States , 
1008,Redfin ,Gato-class Submarine ,United States , 
1009,Redfish ,Balao-class Submarine ,United States , 
1010,Renown ,Renown-class Battlecruiser ,United Kingdom , 
1011,Renraku-tei-class Summary Information ,Renraku-tei-class Motor Torpedo Boat ,Japan , 
1012,Renshaw ,Fletcher-class Destroyer ,United States ,1942 
1013,Repulse ,Renown-class Battlecruiser ,United Kingdom , 
1014,Resolution ,Revenge-class Battleship ,United Kingdom , 
1015,Reuben James ,Clemson-class Destroyer ,United States ,1919 
1016,Richelieu ,Richelieu-class Battleship ,France ,1939 
1017,Richthofen ,Hans Albrecht Wedel-class Seaplane Tender ,Germany ,1942 
1018,Ro-58 ,Type L3-class Submarine ,Japan ,1922 
1019,Robalo ,Gato-class Submarine ,United States , 
1020,Rock ,Gato-class Submarine ,United States ,1943 
1021,Rodney ,Nelson-class Battleship ,United Kingdom ,1925 
1022,Roma ,Vittorio Veneto-class Battleship ,Italy ,1940 
1023,Roncador ,Balao-class Submarine ,United States , 
1024,Ronquil ,Balao-class Submarine ,United States , 
1025,Royal Sovereign ,Revenge-class Battleship ,United Kingdom ,1915 
1026,Runner (Gato-class) ,Gato-class Submarine ,United States ,1942 
1027,Runner (Tench-class) ,Tench-class Submarine ,United States , 
1028,Ryuho ,Ryuho-class Aircraft Carrier ,Japan ,1933 
1029,Ryujo ,Ryujo-class Aircraft Carrier ,Japan ,1931 
1030,S-18 ,S-class Submarine ,United States ,1920 
1031,S-23 ,S-class Submarine ,United States ,1920 
1032,S-26 ,S-class Submarine ,United States , 
1033,S-27 ,S-class Submarine ,United States , 
1034,S-28 ,S-class Submarine ,United States ,1922 
1035,S-30 ,S-class Submarine ,United States ,1918 
1036,S-31 ,S-class Submarine ,United States ,1918 
1037,S-32 ,S-class Submarine ,United States ,1919 
1038,S-33 ,S-class Submarine ,United States ,1918 
1039,S-34 ,S-class Submarine ,United States ,1919 
1040,S-35 ,S-class Submarine ,United States ,1919 
1041,S-36 ,S-class Submarine ,United States , 
1042,S-37 ,S-class Submarine ,United States ,1919 
1043,S-38 ,S-class Submarine ,United States , 
1044,S-39 ,S-class Submarine ,United States , 
1045,S-40 ,S-class Submarine ,United States ,1921 
1046,S-41 ,S-class Submarine ,United States , 
1047,S-42 ,S-class Submarine ,United States , 
1048,S-43 ,S-class Submarine ,United States , 
1049,S-44 ,S-class Submarine ,United States ,1923 
1050,S-45 ,S-class Submarine ,United States ,1923 
1051,S-46 ,S-class Submarine ,United States ,1923 
1052,S-47 ,S-class Submarine ,United States , 
1053,S-7 ,Srednyaya-class Submarine ,Russia ,1937 
1054,Saar ,Saar-class Submarine Tender ,Germany ,1934 
1055,Sable ,No Classification ,United States ,1923 
1056,Saginaw Bay ,Casablanca-class Escort Carrier ,United States , 
1057,Sailfish ,Sargo-class Submarine ,United States , 
1058,Saint Paul ,Baltimore-class Heavy Cruiser ,United States ,1944 
1059,Sakawa ,Agano-class Light Cruiser ,Japan ,1944 
1060,Salmon ,Salmon-class Submarine ,United States ,1937 
1061,Salt Lake City ,Pensacola-class Heavy Cruiser ,United States ,1929 
1062,San Diego ,Atlanta-class Light Cruiser ,United States ,1941 
1063,San Francisco ,New Orleans-class Heavy Cruiser ,United States , 
1064,San Jacinto ,Independence-class Light Carrier ,United States ,1943 
1065,San Juan ,Atlanta-class Light Cruiser ,United States ,1941 
1066,Sanborn ,Haskell-class Attack Transport ,United States ,1944 
1067,Sand Lance ,Balao-class Submarine ,United States , 
1068,Saratoga ,Lexington-class Aircraft Carrier ,United States ,1925 
1069,Sargent Bay ,Casablanca-class Escort Carrier ,United States ,1944 
1070,Sargo ,Sargo-class Submarine ,United States ,1938 
1071,Saufley ,Fletcher-class Destroyer ,United States ,1942 
1072,Saury ,Sargo-class Submarine ,United States , 
1073,Savo Island ,Casablanca-class Escort Carrier ,United States ,1943 
1074,Sawfish ,Gato-class Submarine ,United States ,1942 
1075,Scabbardfish ,Balao-class Submarine ,United States , 
1076,Scamp ,Gato-class Submarine ,United States , 
1077,Scharnhorst ,Gneisenau-class Battlecruiser ,Germany ,1936 
1078,Schlesien ,Deutschland-class Battleship ,Germany ,1906 
1079,Schleswig-Holstein ,Deutschland-class Battleship ,Germany ,1906 
1080,Schnellboot-class Summary Information ,Schnellboot-class Motor Torpedo Boat ,Germany , 
1081,Schwabenland ,No Classification ,Germany ,1925 
1082,ScirÃ¨ ,Adua-class Submarine ,Italy ,1938 
1083,Scorpion ,Gato-class Submarine ,United States ,1942 
1084,Sculpin ,Sargo-class Submarine ,United States , 
1085,Sea Cat ,Balao-class Submarine ,United States ,1944 
1086,Sea Devil ,Balao-class Submarine ,United States , 
1087,Sea Dog ,Balao-class Submarine ,United States , 
1088,Sea Fox ,Balao-class Submarine ,United States , 
1089,Sea Owl ,Balao-class Submarine ,United States , 
1090,Sea Poacher ,Balao-class Submarine ,United States , 
1091,Sea Robin ,Balao-class Submarine ,United States ,1944 
1092,Seadragon ,Sargo-class Submarine ,United States , 
1093,Seahorse ,Balao-class Submarine ,United States ,1943 
1094,Seal ,Salmon-class Submarine ,United States ,1937 
1095,Sealion (Balao-class) ,Balao-class Submarine ,United States , 
1096,Sealion (Sargo-class) ,Sargo-class Submarine ,United States ,1939 
1097,Searaven ,Sargo-class Submarine ,United States ,1939 
1098,Seawolf ,Sargo-class Submarine ,United States , 
1099,Seeadler ,1923-class Motor Torpedo Boat ,Germany ,1926 
1100,Segundo ,Balao-class Submarine ,United States ,1944 
1101,Seisho Maru ,No Classification ,Japan ,1918 
1102,Sendai ,Sendai-class Light Cruiser ,Japan ,1923 
1103,Sennet ,Balao-class Submarine ,United States ,1944 
1104,Settsu ,Kawachi-class Battleship ,Japan ,1911 
1105,Seydlitz ,Admiral Hipper-class Heavy Cruiser ,Germany ,1939 
1106,Shad ,Gato-class Submarine ,United States ,1942 
1107,Shamrock Bay ,Casablanca-class Escort Carrier ,United States ,1944 
1108,Shark (Balao-class) ,Balao-class Submarine ,United States ,1943 
1109,Shark (Porpoise-class) ,Porpoise-class Submarine ,United States ,1935 
1110,Shaw ,Mahan-class Destroyer ,United States ,1935 
1111,ShCh-205 ,Shchuka-class Submarine ,Russia ,1934 
1112,ShCh-307 ,Shchuka-class Submarine ,Russia ,1934 
1113,ShCh-317 ,Shchuka-class Submarine ,Russia ,1935 
1114,ShCh-320 ,Shchuka-class Submarine ,Russia ,1935 
1115,ShCh-324 ,Shchuka-class Submarine ,Russia ,1935 
1116,ShCh-401 ,Shchuka-class Submarine ,Russia ,1935 
1117,Shigure ,Shiratsuyu-class Destroyer ,Japan ,1936 
1118,Shimakaze ,Shimakaze-class Destroyer ,Japan ,1942 
1119,Shinano ,Shinano-class Aircraft Carrier ,Japan ,1944 
1120,Shinyo ,Shinyo-class Escort Carrier ,Japan , 
1121,Shinyo Maru ,No Classification ,Japan , 
1122,Shinyo-class Summary Information ,Shinyo-class Motor Torpedo Boat ,Japan , 
1123,Shoho ,Zuiho-class Light Carrier ,Japan ,1935 
1124,Shokaku ,Shokaku-class Aircraft Carrier ,Japan ,1939 
1125,Siluro a Lenta Corsa-class Summary Information ,Siluro a Lenta Corsa-class Midget Submarine ,Italy , 
1126,Silversides ,Gato-class Submarine ,United States , 
1127,Sims ,Sims-class Destroyer ,United States ,1939 
1128,Skate ,Balao-class Submarine ,United States , 
1129,Skipjack ,Salmon-class Submarine ,United States ,1937 
1130,Smalley ,Fletcher-class Destroyer ,United States ,1943 
1131,Snapper ,Salmon-class Submarine ,United States , 
1132,Snook ,Gato-class Submarine ,United States ,1942 
1133,Sokrushitelnyi ,Gnevny-class Destroyer ,Russia ,1936 
1134,Soryu ,Soryu-class Aircraft Carrier ,Japan ,1935 
1135,South Dakota ,South Dakota-class Battleship ,United States ,1941 
1136,Soya ,No Classification ,Japan ,1937 
1137,SP1 ,SpÃ¤hkreuzer 1938-class Scout Cruiser ,Germany , 
1138,SP10 (Planned) ,SpÃ¤hkreuzer 1938-class Scout Cruiser ,Germany ,"1944 (Projected, not actual) "
1139,SP11 (Planned) ,SpÃ¤hkreuzer 1938-class Scout Cruiser ,Germany ,"1944 (Projected, not actual) "
1140,SP12 (Planned) ,SpÃ¤hkreuzer 1938-class Scout Cruiser ,Germany ,"1944 (Projected, not actual) "
1141,SP13 (Planned) ,SpÃ¤hkreuzer 1938-class Scout Cruiser ,Germany ,"1945 (Projected, not actual) "
1142,SP14 (Planned) ,SpÃ¤hkreuzer 1938-class Scout Cruiser ,Germany ,"1945 (Projected, not actual) "
1143,SP15 (Planned) ,SpÃ¤hkreuzer 1938-class Scout Cruiser ,Germany ,"1945 (Projected, not actual) "
1144,SP16 (Planned) ,SpÃ¤hkreuzer 1938-class Scout Cruiser ,Germany ,"1946 (Projected, not actual) "
1145,SP17 (Planned) ,SpÃ¤hkreuzer 1938-class Scout Cruiser ,Germany ,"1946 (Projected, not actual) "
1146,SP18 (Planned) ,SpÃ¤hkreuzer 1938-class Scout Cruiser ,Germany ,"1946 (Projected, not actual) "
1147,SP19 (Planned) ,SpÃ¤hkreuzer 1938-class Scout Cruiser ,Germany ,"1946 (Projected, not actual) "
1148,SP2 (Planned) ,SpÃ¤hkreuzer 1938-class Scout Cruiser ,Germany ,"1942 (Projected, not actual) "
1149,SP20 (Planned) ,SpÃ¤hkreuzer 1938-class Scout Cruiser ,Germany ,"1946 (Projected, not actual) "
1150,SP21 (Planned) ,SpÃ¤hkreuzer 1938-class Scout Cruiser ,Germany ,"1946 (Projected, not actual) "
1151,SP22 (Planned) ,SpÃ¤hkreuzer 1938-class Scout Cruiser ,Germany ,"1946 (Projected, not actual) "
1152,SP3 (Planned) ,SpÃ¤hkreuzer 1938-class Scout Cruiser ,Germany ,"1944 (Projected, not actual) "
1153,SP4 (Planned) ,SpÃ¤hkreuzer 1938-class Scout Cruiser ,Germany ,"1943 (Projected, not actual) "
1154,SP5 (Planned) ,SpÃ¤hkreuzer 1938-class Scout Cruiser ,Germany ,"1943 (Projected, not actual) "
1155,SP6 (Planned) ,SpÃ¤hkreuzer 1938-class Scout Cruiser ,Germany ,"1943 (Projected, not actual) "
1156,SP7 (Planned) ,SpÃ¤hkreuzer 1938-class Scout Cruiser ,Germany ,"1943 (Projected, not actual) "
1157,SP8 (Planned) ,SpÃ¤hkreuzer 1938-class Scout Cruiser ,Germany ,"1944 (Projected, not actual) "
1158,SP9 (Planned) ,SpÃ¤hkreuzer 1938-class Scout Cruiser ,Germany ,"1943 (Projected, not actual) "
1159,Spadefish ,Balao-class Submarine ,United States , 
1160,Spearfish ,Sargo-class Submarine ,United States , 
1161,Spencer ,Treasury-class USCG Cutter ,United States ,1937 
1162,Spikefish ,Balao-class Submarine ,United States , 
1163,Spot ,Balao-class Submarine ,United States ,1944 
1164,Springer ,Balao-class Submarine ,United States ,1944 
1165,Sproston ,Fletcher-class Destroyer ,United States ,1942 
1166,St. Louis ,St. Louis-class Light Cruiser ,United States ,1938 
1167,Steamer Bay ,Casablanca-class Escort Carrier ,United States ,1944 
1168,Steelhead ,Gato-class Submarine ,United States , 
1169,Stephen Hopkins ,Liberty-class Merchant Vessel ,United States ,1942 
1170,Sterlet ,Balao-class Submarine ,United States ,1943 
1171,Stickleback ,Balao-class Submarine ,United States , 
1172,Stier ,No Classification ,Germany ,1936 
1173,Stingray ,Salmon-class Submarine ,United States , 
1174,Stord ,S-class Destroyer ,Norway ,1943 
1175,Strasbourg ,Dunkerque-class Battleship ,France ,1936 
1176,Stuart ,Scott-class Destroyer ,Australia ,1918 
1177,Sturgeon ,Salmon-class Submarine ,United States , 
1178,Suffren ,Suffren-class Heavy Cruiser ,France ,1927 
1179,Sunfish (Gato-class) ,Gato-class Submarine ,United States ,1942 
1180,Sunfish (S-class) ,S-class Submarine ,United Kingdom ,1936 
1181,Suzukaze ,Shiratsuyu-class Destroyer ,Japan , 
1182,Suzuya ,Mogami-class Heavy Cruiser ,Japan ,1934 
1183,Swordfish ,Sargo-class Submarine ,United States , 
1184,Sydney ,Leander-class Light Cruiser ,Australia ,1934 
1185,T1 ,1935-class Motor Torpedo Boat ,Germany ,1938 
1186,T10 ,1935-class Motor Torpedo Boat ,Germany ,1939 
1187,T11 ,1935-class Motor Torpedo Boat ,Germany ,1939 
1188,T12 ,1935-class Motor Torpedo Boat ,Germany ,1939 
1189,T13 ,1937-class Motor Torpedo Boat ,Germany ,1939 
1190,T14 ,1937-class Motor Torpedo Boat ,Germany ,1939 
1191,T15 ,1937-class Motor Torpedo Boat ,Germany ,1939 
1192,T16 ,1937-class Motor Torpedo Boat ,Germany ,1939 
1193,T17 ,1937-class Motor Torpedo Boat ,Germany ,1940 
1194,T18 ,1937-class Motor Torpedo Boat ,Germany ,1940 
1195,T19 ,1937-class Motor Torpedo Boat ,Germany ,1940 
1196,T2 ,1935-class Motor Torpedo Boat ,Germany ,1938 
1197,T20 ,1937-class Motor Torpedo Boat ,Germany ,1940 
1198,T21 ,1937-class Motor Torpedo Boat ,Germany ,1940 
1199,T22 ,1939-class Motor Torpedo Boat ,Germany , 
1200,T23 ,1939-class Motor Torpedo Boat ,Germany ,1941 
1201,T24 ,1939-class Motor Torpedo Boat ,Germany ,1941 
1202,T25 ,1939-class Motor Torpedo Boat ,Germany ,1941 
1203,T26 ,1939-class Motor Torpedo Boat ,Germany ,1942 
1204,T27 ,1939-class Motor Torpedo Boat ,Germany ,1942 
1205,T28 ,1939-class Motor Torpedo Boat ,Germany ,1942 
1206,T29 ,1939-class Motor Torpedo Boat ,Germany ,1943 
1207,T3 ,1935-class Motor Torpedo Boat ,Germany ,1938 
1208,T30 ,1939-class Motor Torpedo Boat ,Germany ,1943 
1209,T31 ,1939-class Motor Torpedo Boat ,Germany ,1943 
1210,T32 ,1939-class Motor Torpedo Boat ,Germany ,1943 
1211,T33 ,1939-class Motor Torpedo Boat ,Germany ,1943 
1212,T34 ,1939-class Motor Torpedo Boat ,Germany ,1943 
1213,T35 ,1939-class Motor Torpedo Boat ,Germany ,1943 
1214,T36 ,1939-class Motor Torpedo Boat ,Germany ,1944 
1215,T37 ,1941-class Motor Torpedo Boat ,Germany ,1944 
1216,T38 ,1941-class Motor Torpedo Boat ,Germany ,1944 
1217,T39 ,1941-class Motor Torpedo Boat ,Germany ,1944 
1218,T4 ,1935-class Motor Torpedo Boat ,Germany ,1938 
1219,T40 ,1941-class Motor Torpedo Boat ,Germany ,1944 
1220,T41 ,1941-class Motor Torpedo Boat ,Germany ,1944 
1221,T42 ,1941-class Motor Torpedo Boat ,Germany ,1944 
1222,T43 ,1941-class Motor Torpedo Boat ,Germany ,1944 
1223,T44 ,1941-class Motor Torpedo Boat ,Germany ,1944 
1224,T45 ,1941-class Motor Torpedo Boat ,Germany ,1944 
1225,T46 ,1941-class Motor Torpedo Boat ,Germany , 
1226,T47 ,1941-class Motor Torpedo Boat ,Germany , 
1227,T48 ,1941-class Motor Torpedo Boat ,Germany , 
1228,T5 ,1935-class Motor Torpedo Boat ,Germany ,1937 
1229,T50 ,1941-class Motor Torpedo Boat ,Germany , 
1230,T51 ,1941-class Motor Torpedo Boat ,Germany , 
1231,T52 (Planned) ,1944-class Motor Torpedo Boat ,Germany , 
1232,T53 (Planned) ,1944-class Motor Torpedo Boat ,Germany , 
1233,T54 (Planned) ,1944-class Motor Torpedo Boat ,Germany , 
1234,T55 (Planned) ,1944-class Motor Torpedo Boat ,Germany , 
1235,T56 (Planned) ,1944-class Motor Torpedo Boat ,Germany , 
1236,T57 (Planned) ,1944-class Motor Torpedo Boat ,Germany , 
1237,T58 (Planned) ,1944-class Motor Torpedo Boat ,Germany , 
1238,T59 (Planned) ,1944-class Motor Torpedo Boat ,Germany , 
1239,T6 ,1935-class Motor Torpedo Boat ,Germany ,1937 
1240,T60 (Planned) ,1944-class Motor Torpedo Boat ,Germany , 
1241,T7 ,1935-class Motor Torpedo Boat ,Germany ,1938 
1242,T8 ,1935-class Motor Torpedo Boat ,Germany ,1938 
1243,T9 ,1935-class Motor Torpedo Boat ,Germany ,1938 
1244,Tabberer ,John C. Butler-class Destroyer Escort ,United States ,1944 
1245,Taiho ,Taiho-class Aircraft Carrier ,Japan ,1943 
1246,Taiyo ,Taiyo-class Escort Carrier ,Japan ,1940 
1247,Takao ,Takao-class Heavy Cruiser ,Japan ,1930 
1248,Takasago Maru ,No Classification ,Japan , 
1249,Tama ,Kuma-class Light Cruiser ,Japan ,1920 
1250,Tambor ,Tambor-class Submarine ,United States , 
1251,Tang ,Balao-class Submarine ,United States ,1943 
1252,Tanga ,Tanga-class Tender ,Germany ,1937 
1253,Tanikaze ,Kagero-class Destroyer ,Japan ,1940 
1254,Tarpon ,Porpoise-class Submarine ,United States , 
1255,Tatsuta ,Tenryu-class Light Cruiser ,Japan ,1918 
1256,Tatsuta Maru ,No Classification ,Japan ,1929 
1257,Tautog ,Tambor-class Submarine ,United States ,1940 
1258,Tench ,Tench-class Submarine ,United States , 
1259,Tennessee ,Tennessee-class Battleship ,United States ,1919 
1260,Tenryu ,Tenryu-class Light Cruiser ,Japan ,1918 
1261,Texas ,New York-class Battleship ,United States ,1912 
1262,Thor ,No Classification ,Germany ,1938 
1263,Thorn ,Gleaves-class Destroyer ,United States ,1943 
1264,Thornback ,Tench-class Submarine ,United States , 
1265,Thornycroft-class Summary Information ,Thornycroft-class Motor Launch ,United Kingdom , 
1266,Threadfin ,Balao-class Submarine ,United States , 
1267,Thresher ,Tambor-class Submarine ,United States , 
1268,Thunderbolt ,T-class Submarine ,United Kingdom ,1938 
1269,Ticonderoga ,Essex-class Aircraft Carrier ,United States ,1944 
1270,Tiger ,1924-class Motor Torpedo Boat ,Germany ,1928 
1271,Tigrone ,Tench-class Submarine ,United States , 
1272,Tilefish ,Balao-class Submarine ,United States , 
1273,Tinosa ,Gato-class Submarine ,United States ,1942 
1274,Tirante ,Tench-class Submarine ,United States ,1944 
1275,Tirpitz ,Bismarck-class Battleship ,Germany ,1939 
1276,Tone ,Tone-class Heavy Cruiser ,Japan ,1937 
1277,Tongji ,Tongji-class Light Cruiser ,China , 
1278,Torsk ,Tench-class Submarine ,United States , 
1279,Tourville ,Duquesne-class Heavy Cruiser ,France , 
1280,Toyama Maru ,No Classification ,Japan , 
1281,Tranquility ,Haven-class Hospital Ship ,United States ,1944 
1282,Trento ,Trento-class Heavy Cruiser ,Italy ,1927 
1283,Trepang ,Balao-class Submarine ,United States ,1944 
1284,Tribune ,T-class Submarine ,United Kingdom ,1938 
1285,Trieste ,Trento-class Heavy Cruiser ,Italy ,1926 
1286,Trigger ,Gato-class Submarine ,United States , 
1287,Trillium ,Flower-class Corvette ,Canada ,1940 
1288,Triton ,Tambor-class Submarine ,United States , 
1289,Trout ,Tambor-class Submarine ,United States , 
1290,Trutta ,Tench-class Submarine ,United States , 
1291,Tsingtau ,Tsingtau-class Tender ,Germany ,1934 
1292,Tsushima Maru ,No Classification ,Japan , 
1293,Tucker ,Mahan-class Destroyer ,United States ,1936 
1294,Tullibee ,Gato-class Submarine ,United States , 
1295,Tuna ,Tambor-class Submarine ,United States , 
1296,Tunny ,Gato-class Submarine ,United States ,1942 
1297,Tuscaloosa ,New Orleans-class Heavy Cruiser ,United States ,1933 
1298,Type B-class Summary Information ,Type B-class Midget Submarine ,Japan , 
1299,Type C-class Summary Information ,Type C-class Midget Submarine ,Japan , 
1300,Type D-class Summary Information ,Type D-class Midget Submarine ,Japan , 
1301,Type XXVII-class Summary Information ,Type XXVII-class Midget Submarine ,Germany , 
1302,U-1 ,Type II-class Submarine ,Germany ,1935 
1303,U-10 ,Type II-class Submarine ,Germany ,1935 
1304,U-100 ,Type VII-class Submarine ,Germany ,1940 
1305,U-101 ,Type VII-class Submarine ,Germany ,1940 
1306,U-1011 ,Type VII-class Submarine ,Germany , 
1307,U-102 ,Type VII-class Submarine ,Germany ,1940 
1308,U-103 ,Type IX-class Submarine ,Germany ,1940 
1309,U-104 ,Type IX-class Submarine ,Germany ,1940 
1310,U-105 ,Type IX-class Submarine ,Germany ,1940 
1311,U-1059 ,Type VII-class Submarine ,Germany ,1943 
1312,U-106 ,Type IX-class Submarine ,Germany ,1940 
1313,U-107 ,Type IX-class Submarine ,Germany ,1940 
1314,U-108 ,Type IX-class Submarine ,Germany ,1940 
1315,U-109 ,Type IX-class Submarine ,Germany ,1940 
1316,U-11 ,Type II-class Submarine ,Germany ,1935 
1317,U-110 ,Type IX-class Submarine ,Germany ,1940 
1318,U-111 ,Type IX-class Submarine ,Germany ,1940 
1319,U-112 (Planned) ,Type XI-class Submarine ,Germany , 
1320,U-113 (Planned) ,Type XI-class Submarine ,Germany , 
1321,U-1133 ,Type VII-class Submarine ,Germany , 
1322,U-1134 ,Type VII-class Submarine ,Germany , 
1323,U-1135 ,Type VII-class Submarine ,Germany , 
1324,U-114 (Planned) ,Type XI-class Submarine ,Germany , 
1325,U-115 (Planned) ,Type XI-class Submarine ,Germany , 
1326,U-116 ,Type X-class Minelaying Submarine ,Germany , 
1327,U-117 ,Type X-class Minelaying Submarine ,Germany , 
1328,U-118 ,Type X-class Minelaying Submarine ,Germany , 
1329,U-119 ,Type X-class Minelaying Submarine ,Germany , 
1330,U-12 ,Type II-class Submarine ,Germany ,1935 
1331,U-120 ,Type II-class Submarine ,Germany ,1940 
1332,U-121 ,Type II-class Submarine ,Germany ,1940 
1333,U-122 ,Type IX-class Submarine ,Germany ,1939 
1334,U-123 ,Type IX-class Submarine ,Germany ,1940 
1335,U-1233 ,Type IX-class Submarine ,Germany ,1943 
1336,U-1234 ,Type IX-class Submarine ,Germany ,1944 
1337,U-1235 ,Type IX-class Submarine ,Germany , 
1338,U-1239 ,Type IX-class Submarine ,Germany , 
1339,U-124 ,Type IX-class Submarine ,Germany ,1940 
1340,U-1240 ,Type IX-class Submarine ,Germany , 
1341,U-125 ,Type IX-class Submarine ,Germany ,1940 
1342,U-126 ,Type IX-class Submarine ,Germany , 
1343,U-127 ,Type IX-class Submarine ,Germany , 
1344,U-128 ,Type IX-class Submarine ,Germany , 
1345,U-1280 ,Type VII-class Submarine ,Germany , 
1346,U-1282 ,Type VII-class Submarine ,Germany , 
1347,U-129 ,Type IX-class Submarine ,Germany , 
1348,U-13 ,Type II-class Submarine ,Germany ,1935 
1349,U-130 ,Type IX-class Submarine ,Germany , 
1350,U-131 ,Type IX-class Submarine ,Germany , 
1351,U-132 ,Type VII-class Submarine ,Germany ,1941 
1352,U-133 ,Type VII-class Submarine ,Germany , 
1353,U-134 ,Type VII-class Submarine ,Germany ,1941 
1354,U-135 ,Type VII-class Submarine ,Germany ,1941 
1355,U-136 ,Type VII-class Submarine ,Germany ,1941 
1356,U-137 ,Type II-class Submarine ,Germany ,1940 
1357,U-138 ,Type II-class Submarine ,Germany ,1940 
1358,U-139 ,Type II-class Submarine ,Germany ,1940 
1359,U-14 ,Type II-class Submarine ,Germany ,1935 
1360,U-140 ,Type II-class Submarine ,Germany ,1940 
1361,U-141 ,Type II-class Submarine ,Germany ,1940 
1362,U-142 ,Type II-class Submarine ,Germany ,1940 
1363,U-143 ,Type II-class Submarine ,Germany ,1940 
1364,U-144 ,Type II-class Submarine ,Germany ,1940 
1365,U-145 ,Type II-class Submarine ,Germany ,1940 
1366,U-146 ,Type II-class Submarine ,Germany ,1940 
1367,U-147 ,Type II-class Submarine ,Germany ,1940 
1368,U-148 ,Type II-class Submarine ,Germany ,1940 
1369,U-149 ,Type II-class Submarine ,Germany ,1940 
1370,U-15 ,Type II-class Submarine ,Germany ,1936 
1371,U-150 ,Type II-class Submarine ,Germany ,1940 
1372,U-151 ,Type II-class Submarine ,Germany ,1940 
1373,U-152 ,Type II-class Submarine ,Germany ,1940 
1374,U-153 ,Type IX-class Submarine ,Germany ,1941 
1375,U-154 ,Type IX-class Submarine ,Germany ,1941 
1376,U-155 ,Type IX-class Submarine ,Germany ,1941 
1377,U-156 ,Type IX-class Submarine ,Germany ,1941 
1378,U-157 ,Type IX-class Submarine ,Germany ,1941 
1379,U-158 ,Type IX-class Submarine ,Germany ,1941 
1380,U-159 ,Type IX-class Submarine ,Germany ,1941 
1381,U-16 ,Type II-class Submarine ,Germany ,1936 
1382,U-160 ,Type IX-class Submarine ,Germany , 
1383,U-161 ,Type IX-class Submarine ,Germany ,1941 
1384,U-162 ,Type IX-class Submarine ,Germany ,1941 
1385,U-163 ,Type IX-class Submarine ,Germany ,1941 
1386,U-164 ,Type IX-class Submarine ,Germany ,1941 
1387,U-165 ,Type IX-class Submarine ,Germany , 
1388,U-166 ,Type IX-class Submarine ,Germany ,1941 
1389,U-167 ,Type IX-class Submarine ,Germany ,1942 
1390,U-168 ,Type IX-class Submarine ,Germany ,1942 
1391,U-169 ,Type IX-class Submarine ,Germany , 
1392,U-17 ,Type II-class Submarine ,Germany ,1935 
1393,U-170 ,Type IX-class Submarine ,Germany , 
1394,U-171 ,Type IX-class Submarine ,Germany ,1941 
1395,U-172 ,Type IX-class Submarine ,Germany ,1941 
1396,U-173 ,Type IX-class Submarine ,Germany ,1941 
1397,U-174 ,Type IX-class Submarine ,Germany ,1941 
1398,U-175 ,Type IX-class Submarine ,Germany ,1941 
1399,U-176 ,Type IX-class Submarine ,Germany ,1941 
1400,U-177 ,Type IX-class Submarine ,Germany ,1941 
1401,U-178 ,Type IX-class Submarine ,Germany ,1941 
1402,U-179 ,Type IX-class Submarine ,Germany ,1941 
1403,U-18 ,Type II-class Submarine ,Germany ,1935 
1404,U-180 ,Type IX-class Submarine ,Germany ,1941 
1405,U-181 ,Type IX-class Submarine ,Germany ,1941 
1406,U-182 ,Type IX-class Submarine ,Germany ,1942 
1407,U-183 ,Type IX-class Submarine ,Germany , 
1408,U-184 ,Type IX-class Submarine ,Germany ,1942 
1409,U-185 ,Type IX-class Submarine ,Germany , 
1410,U-186 ,Type IX-class Submarine ,Germany , 
1411,U-187 ,Type IX-class Submarine ,Germany ,1942 
1412,U-188 ,Type IX-class Submarine ,Germany ,1942 
1413,U-189 ,Type IX-class Submarine ,Germany ,1942 
1414,U-19 ,Type II-class Submarine ,Germany ,1935 
1415,U-190 ,Type IX-class Submarine ,Germany ,1942 
1416,U-191 ,Type IX-class Submarine ,Germany ,1942 
1417,U-192 ,Type IX-class Submarine ,Germany , 
1418,U-193 ,Type IX-class Submarine ,Germany , 
1419,U-194 ,Type IX-class Submarine ,Germany , 
1420,U-195 ,Type IX-class Submarine ,Germany , 
1421,U-196 ,Type IX-class Submarine ,Germany , 
1422,U-197 ,Type IX-class Submarine ,Germany ,1942 
1423,U-198 ,Type IX-class Submarine ,Germany ,0000 
1424,U-199 ,Type IX-class Submarine ,Germany , 
1425,U-2 ,Type II-class Submarine ,Germany ,1935 
1426,U-20 ,Type II-class Submarine ,Germany ,1936 
1427,U-200 ,Type IX-class Submarine ,Germany , 
1428,U-201 ,Type VII-class Submarine ,Germany ,1940 
1429,U-202 ,Type VII-class Submarine ,Germany ,1941 
1430,U-203 ,Type VII-class Submarine ,Germany ,1941 
1431,U-204 ,Type VII-class Submarine ,Germany ,1941 
1432,U-205 ,Type VII-class Submarine ,Germany ,1941 
1433,U-206 ,Type VII-class Submarine ,Germany ,1941 
1434,U-207 ,Type VII-class Submarine ,Germany ,1941 
1435,U-208 ,Type VII-class Submarine ,Germany ,1941 
1436,U-209 ,Type VII-class Submarine ,Germany , 
1437,U-21 ,Type II-class Submarine ,Germany ,1936 
1438,U-210 ,Type VII-class Submarine ,Germany , 
1439,U-211 ,Type VII-class Submarine ,Germany , 
1440,U-212 ,Type VII-class Submarine ,Germany , 
1441,U-213 ,Type VII-class Submarine ,Germany ,1941 
1442,U-214 ,Type VII-class Submarine ,Germany ,1941 
1443,U-215 ,Type VII-class Submarine ,Germany , 
1444,U-216 ,Type VII-class Submarine ,Germany , 
1445,U-217 ,Type VII-class Submarine ,Germany , 
1446,U-218 ,Type VII-class Submarine ,Germany , 
1447,U-22 ,Type II-class Submarine ,Germany ,1936 
1448,U-226 ,Type VII-class Submarine ,Germany , 
1449,U-228 ,Type VII-class Submarine ,Germany , 
1450,U-23 ,Type II-class Submarine ,Germany ,1936 
1451,U-2321 ,Type XXIII-class Submarine ,Germany , 
1452,U-2322 ,Type XXIII-class Submarine ,Germany , 
1453,U-2323 ,Type XXIII-class Submarine ,Germany , 
1454,U-2324 ,Type XXIII-class Submarine ,Germany , 
1455,U-2325 ,Type XXIII-class Submarine ,Germany , 
1456,U-2326 ,Type XXIII-class Submarine ,Germany , 
1457,U-235 ,Type VII-class Submarine ,Germany , 
1458,U-238 ,Type VII-class Submarine ,Germany , 
1459,U-239 ,Type VII-class Submarine ,Germany , 
1460,U-24 ,Type II-class Submarine ,Germany ,1936 
1461,U-240 ,Type VII-class Submarine ,Germany , 
1462,U-241 ,Type VII-class Submarine ,Germany , 
1463,U-249 ,Type VII-class Submarine ,Germany , 
1464,U-25 ,Type I-class Submarine ,Germany ,1936 
1465,U-2501 ,Type XXI-class Submarine ,Germany ,1944 
1466,U-251 ,Type VII-class Submarine ,Germany , 
1467,U-2549 ,Type XXI-class Submarine ,Germany , 
1468,U-26 ,Type I-class Submarine ,Germany ,1936 
1469,U-27 ,Type VII-class Submarine ,Germany ,1936 
1470,U-28 ,Type VII-class Submarine ,Germany ,1936 
1471,U-287 ,Type VII-class Submarine ,Germany , 
1472,U-29 ,Type VII-class Submarine ,Germany ,1936 
1473,U-3 ,Type II-class Submarine ,Germany ,1935 
1474,U-30 ,Type VII-class Submarine ,Germany ,1936 
1475,U-3001 ,Type XXI-class Submarine ,Germany ,1944 
1476,U-3008 ,Type XXI-class Submarine ,Germany ,1944 
1477,U-3009 ,Type XXI-class Submarine ,Germany ,1944 
1478,U-3010 ,Type XXI-class Submarine ,Germany ,1944 
1479,U-3011 ,Type XXI-class Submarine ,Germany ,1944 
1480,U-3012 ,Type XXI-class Submarine ,Germany ,1944 
1481,U-3013 ,Type XXI-class Submarine ,Germany ,1944 
1482,U-3014 ,Type XXI-class Submarine ,Germany ,1944 
1483,U-3015 ,Type XXI-class Submarine ,Germany ,1944 
1484,U-3016 ,Type XXI-class Submarine ,Germany ,1944 
1485,U-3017 ,Type XXI-class Submarine ,Germany ,1944 
1486,U-3019 ,Type XXI-class Submarine ,Germany ,1944 
1487,U-3036 ,Type XXI-class Submarine ,Germany ,1945 
1488,U-3042 ,Type XXI-class Submarine ,Germany , 
1489,U-3043 ,Type XXI-class Submarine ,Germany , 
1490,U-3048 ,Type XXI-class Submarine ,Germany , 
1491,U-3049 ,Type XXI-class Submarine ,Germany , 
1492,U-3052 ,Type XXI-class Submarine ,Germany , 
1493,U-3053 ,Type XXI-class Submarine ,Germany , 
1494,U-3054 ,Type XXI-class Submarine ,Germany , 
1495,U-3055 ,Type XXI-class Submarine ,Germany , 
1496,U-3056 ,Type XXI-class Submarine ,Germany , 
1497,U-3057 ,Type XXI-class Submarine ,Germany , 
1498,U-3058 ,Type XXI-class Submarine ,Germany , 
1499,U-3059 ,Type XXI-class Submarine ,Germany , 
1500,U-3060 ,Type XXI-class Submarine ,Germany , 
1501,U-3061 ,Type XXI-class Submarine ,Germany , 
1502,U-3062 ,Type XXI-class Submarine ,Germany , 
1503,U-3063 ,Type XXI-class Submarine ,Germany , 
1504,U-31 ,Type VII-class Submarine ,Germany ,1936 
1505,U-32 ,Type VII-class Submarine ,Germany ,1937 
1506,U-33 ,Type VII-class Submarine ,Germany ,1936 
1507,U-331 ,Type VII-class Submarine ,Germany , 
1508,U-332 ,Type VII-class Submarine ,Germany , 
1509,U-333 ,Type VII-class Submarine ,Germany , 
1510,U-334 ,Type VII-class Submarine ,Germany , 
1511,U-34 ,Type VII-class Submarine ,Germany ,1936 
1512,U-35 ,Type VII-class Submarine ,Germany ,1936 
1513,U-3504 ,Type XXI-class Submarine ,Germany , 
1514,U-3505 ,Type XXI-class Submarine ,Germany , 
1515,U-3510 ,Type XXI-class Submarine ,Germany , 
1516,U-3511 ,Type XXI-class Submarine ,Germany , 
1517,U-3512 ,Type XXI-class Submarine ,Germany , 
1518,U-3515 ,Type XXI-class Submarine ,Germany , 
1519,U-3516 ,Type XXI-class Submarine ,Germany , 
1520,U-3517 ,Type XXI-class Submarine ,Germany , 
1521,U-3518 ,Type XXI-class Submarine ,Germany , 
1522,U-3519 ,Type XXI-class Submarine ,Germany , 
1523,U-3520 ,Type XXI-class Submarine ,Germany , 
1524,U-3521 ,Type XXI-class Submarine ,Germany , 
1525,U-3522 ,Type XXI-class Submarine ,Germany , 
1526,U-3523 ,Type XXI-class Submarine ,Germany , 
1527,U-3524 ,Type XXI-class Submarine ,Germany , 
1528,U-3525 ,Type XXI-class Submarine ,Germany , 
1529,U-3526 ,Type XXI-class Submarine ,Germany , 
1530,U-3527 ,Type XXI-class Submarine ,Germany , 
1531,U-3528 ,Type XXI-class Submarine ,Germany , 
1532,U-3535 ,Type XXI-class Submarine ,Germany , 
1533,U-3536 ,Type XXI-class Submarine ,Germany , 
1534,U-3537 ,Type XXI-class Submarine ,Germany , 
1535,U-3538 ,Type XXI-class Submarine ,Germany , 
1536,U-3539 ,Type XXI-class Submarine ,Germany , 
1537,U-3540 ,Type XXI-class Submarine ,Germany , 
1538,U-3541 ,Type XXI-class Submarine ,Germany , 
1539,U-3542 ,Type XXI-class Submarine ,Germany , 
1540,U-36 ,Type VII-class Submarine ,Germany ,1936 
1541,U-37 ,Type IX-class Submarine ,Germany ,1938 
1542,U-373 ,Type VII-class Submarine ,Germany , 
1543,U-38 ,Type IX-class Submarine ,Germany ,1938 
1544,U-382 ,Type VII-class Submarine ,Germany , 
1545,U-39 ,Type IX-class Submarine ,Germany ,1938 
1546,U-4 ,Type II-class Submarine ,Germany ,1935 
1547,U-40 ,Type IX-class Submarine ,Germany ,1938 
1548,U-401 ,Type VII-class Submarine ,Germany , 
1549,U-402 ,Type VII-class Submarine ,Germany , 
1550,U-403 ,Type VII-class Submarine ,Germany , 
1551,U-41 ,Type IX-class Submarine ,Germany ,1939 
1552,U-42 ,Type IX-class Submarine ,Germany ,1939 
1553,U-43 ,Type IX-class Submarine ,Germany ,1939 
1554,U-44 ,Type IX-class Submarine ,Germany ,1939 
1555,U-442 ,Type VII-class Submarine ,Germany , 
1556,U-45 ,Type VII-class Submarine ,Germany ,1938 
1557,U-452 ,Type VII-class Submarine ,Germany , 
1558,U-453 ,Type VII-class Submarine ,Germany , 
1559,U-454 ,Type VII-class Submarine ,Germany , 
1560,U-459 ,Type XIV-class Cargo Submarine ,Germany , 
1561,U-46 ,Type VII-class Submarine ,Germany ,1938 
1562,U-460 ,Type XIV-class Cargo Submarine ,Germany , 
1563,U-461 ,Type XIV-class Cargo Submarine ,Germany , 
1564,U-462 ,Type XIV-class Cargo Submarine ,Germany , 
1565,U-463 ,Type XIV-class Cargo Submarine ,Germany , 
1566,U-464 ,Type XIV-class Cargo Submarine ,Germany , 
1567,U-47 ,Type VII-class Submarine ,Germany ,1938 
1568,U-4714 ,Type XXIII-class Submarine ,Germany ,1945 
1569,U-48 ,Type VII-class Submarine ,Germany ,1939 
1570,U-49 ,Type VII-class Submarine ,Germany ,1939 
1571,U-491 ,Type XIV-class Cargo Submarine ,Germany , 
1572,U-492 ,Type XIV-class Cargo Submarine ,Germany , 
1573,U-493 ,Type XIV-class Cargo Submarine ,Germany , 
1574,U-494 ,Type XIV-class Cargo Submarine ,Germany , 
1575,U-5 ,Type II-class Submarine ,Germany ,1935 
1576,U-50 ,Type VII-class Submarine ,Germany ,1939 
1577,U-505 ,Type IX-class Submarine ,Germany ,1941 
1578,U-51 ,Type VII-class Submarine ,Germany ,1938 
1579,U-52 ,Type VII-class Submarine ,Germany ,1938 
1580,U-53 ,Type VII-class Submarine ,Germany ,1939 
1581,U-530 ,Type IX-class Submarine ,Germany ,1942 
1582,U-537 ,Type IX-class Submarine ,Germany , 
1583,U-54 ,Type VII-class Submarine ,Germany ,1939 
1584,U-55 ,Type VII-class Submarine ,Germany ,1939 
1585,U-559 ,Type VII-class Submarine ,Germany ,1941 
1586,U-56 ,Type II-class Submarine ,Germany ,1938 
1587,U-57 ,Type II-class Submarine ,Germany ,1938 
1588,U-575 ,Type VII-class Submarine ,Germany ,1941 
1589,U-576 ,Type VII-class Submarine ,Germany ,1941 
1590,U-577 ,Type VII-class Submarine ,Germany ,1941 
1591,U-578 ,Type VII-class Submarine ,Germany ,1941 
1592,U-58 ,Type II-class Submarine ,Germany ,1938 
1593,U-59 ,Type II-class Submarine ,Germany ,1938 
1594,U-6 ,Type II-class Submarine ,Germany ,1935 
1595,U-60 ,Type II-class Submarine ,Germany ,1939 
1596,U-61 ,Type II-class Submarine ,Germany ,1939 
1597,U-62 ,Type II-class Submarine ,Germany ,1939 
1598,U-63 ,Type II-class Submarine ,Germany ,1939 
1599,U-64 ,Type IX-class Submarine ,Germany ,1939 
1600,U-65 ,Type IX-class Submarine ,Germany ,1939 
1601,U-66 ,Type IX-class Submarine ,Germany ,1940 
1602,U-67 ,Type IX-class Submarine ,Germany ,1940 
1603,U-68 ,Type IX-class Submarine ,Germany ,1940 
1604,U-684 ,Type VII-class Submarine ,Germany , 
1605,U-685 ,Type VII-class Submarine ,Germany , 
1606,U-686 ,Type VII-class Submarine ,Germany , 
1607,U-687 ,Type VII-class Submarine ,Germany , 
1608,U-688 ,Type VII-class Submarine ,Germany , 
1609,U-689 ,Type VII-class Submarine ,Germany , 
1610,U-69 ,Type VII-class Submarine ,Germany ,1940 
1611,U-7 ,Type II-class Submarine ,Germany ,1935 
1612,U-70 ,Type VII-class Submarine ,Germany ,1940 
1613,U-71 ,Type VII-class Submarine ,Germany ,1940 
1614,U-72 ,Type VII-class Submarine ,Germany ,1940 
1615,U-73 ,Type VII-class Submarine ,Germany ,1940 
1616,U-736 ,Type VII-class Submarine ,Germany , 
1617,U-737 ,Type VII-class Submarine ,Germany , 
1618,U-738 ,Type VII-class Submarine ,Germany , 
1619,U-74 ,Type VII-class Submarine ,Germany ,1940 
1620,U-745 ,Type VII-class Submarine ,Germany , 
1621,U-746 ,Type VII-class Submarine ,Germany , 
1622,U-75 ,Type VII-class Submarine ,Germany ,1940 
1623,U-751 ,Type VII-class Submarine ,Germany ,1940 
1624,U-752 ,Type VII-class Submarine ,Germany ,1941 
1625,U-754 ,Type VII-class Submarine ,Germany ,1941 
1626,U-76 ,Type VII-class Submarine ,Germany ,1940 
1627,U-77 ,Type VII-class Submarine ,Germany ,1940 
1628,U-78 ,Type VII-class Submarine ,Germany ,1940 
1629,U-79 ,Type VII-class Submarine ,Germany ,1941 
1630,U-8 ,Type II-class Submarine ,Germany ,1935 
1631,U-80 ,Type VII-class Submarine ,Germany ,1941 
1632,U-81 ,Type VII-class Submarine ,Germany ,1941 
1633,U-82 ,Type VII-class Submarine ,Germany ,1941 
1634,U-821 ,Type VII-class Submarine ,Germany ,1943 
1635,U-822 ,Type VII-class Submarine ,Germany ,1944 
1636,U-83 ,Type VII-class Submarine ,Germany ,1940 
1637,U-84 ,Type VII-class Submarine ,Germany ,1941 
1638,U-85 ,Type VII-class Submarine ,Germany ,1941 
1639,U-86 ,Type VII-class Submarine ,Germany ,1941 
1640,U-860 ,Type IX-class Submarine ,Germany ,1943 
1641,U-869 ,Type IX-class Submarine ,Germany ,1943 
1642,U-87 ,Type VII-class Submarine ,Germany ,1941 
1643,U-88 ,Type VII-class Submarine ,Germany ,1941 
1644,U-89 ,Type VII-class Submarine ,Germany ,1941 
1645,U-9 ,Type II-class Submarine ,Germany ,1935 
1646,U-90 ,Type VII-class Submarine ,Germany ,1941 
1647,U-908 ,Type VII-class Submarine ,Germany , 
1648,U-91 ,Type VII-class Submarine ,Germany ,1941 
1649,U-92 ,Type VII-class Submarine ,Germany ,1942 
1650,U-922 ,Type VII-class Submarine ,Germany , 
1651,U-923 ,Type VII-class Submarine ,Germany , 
1652,U-924 ,Type VII-class Submarine ,Germany , 
1653,U-925 ,Type VII-class Submarine ,Germany , 
1654,U-926 ,Type VII-class Submarine ,Germany , 
1655,U-927 ,Type VII-class Submarine ,Germany , 
1656,U-928 ,Type VII-class Submarine ,Germany , 
1657,U-929 ,Type VII-class Submarine ,Germany , 
1658,U-93 ,Type VII-class Submarine ,Germany ,1940 
1659,U-930 ,Type VII-class Submarine ,Germany , 
1660,U-931 ,Type VII-class Submarine ,Germany , 
1661,U-932 ,Type VII-class Submarine ,Germany , 
1662,U-94 ,Type VII-class Submarine ,Germany ,1940 
1663,U-95 ,Type VII-class Submarine ,Germany ,1940 
1664,U-96 ,Type VII-class Submarine ,Germany ,1940 
1665,U-97 ,Type VII-class Submarine ,Germany ,1940 
1666,U-977 ,Type VII-class Submarine ,Germany ,1943 
1667,U-98 ,Type VII-class Submarine ,Germany ,1940 
1668,U-99 ,Type VII-class Submarine ,Germany ,1940 
1669,UA ,Ay-class Submarine ,Germany ,1938 
1670,Unryu ,Unryu-class Aircraft Carrier ,Japan ,1943 
1671,Unyo ,Taiyo-class Escort Carrier ,Japan ,1939 
1672,Valiant ,Queen Elizabeth-class Battleship ,United Kingdom ,1914 
1673,Vampire ,V and W-class Destroyer ,Australia ,1917 
1674,Velite ,Soldati-class Destroyer ,Italy , 
1675,Vendetta ,V and W-class Destroyer ,Australia ,1917 
1676,Victorious ,Illustrious-class Aircraft Carrier ,United Kingdom ,1939 
1677,Victory-class Summary Information ,Victory-class Merchant Vessel ,United States , 
1678,Vincennes ,New Orleans-class Heavy Cruiser ,United States ,1936 
1679,Vincenzo Gioberti ,Oriani-class Destroyer ,Italy , 
1680,Vittorio Alfieri ,Oriani-class Destroyer ,Italy , 
1681,Vittorio Veneto ,Vittorio Veneto-class Battleship ,Italy ,1937 
1682,Voroshilov ,Kirov-class Light Cruiser ,Russia ,1937 
1683,VÃ¤inÃ¤mÃ¶inen ,VÃ¤inÃ¤mÃ¶inen-class Coastal Defense Ship ,Finland ,1932 
1684,Wahoo ,Gato-class Submarine ,United States ,1942 
1685,Wake Island ,Casablanca-class Escort Carrier ,United States ,1943 
1686,Waldemar Kophamel ,Wilhelm Bauer-class Submarine Tender ,Germany ,1939 
1687,Waller ,Fletcher-class Destroyer ,United States ,1942 
1688,Ward ,Wickes-class Destroyer ,United States , 
1689,Warspite ,Queen Elizabeth-class Battleship ,United Kingdom ,1913 
1690,Washington ,North Carolina-class Battleship ,United States ,1940 
1691,Wasp (Essex-class) ,Essex-class Aircraft Carrier ,United States ,1943 
1692,Wasp (Wasp-class) ,Wasp-class Aircraft Carrier ,United States ,1939 
1693,Waterhen ,V and W-class Destroyer ,Australia ,1918 
1694,Wedderburn ,Fletcher-class Destroyer ,United States ,1943 
1695,Weissesee ,No Classification ,Germany , 
1696,West Virginia ,Colorado-class Battleship ,United States ,1921 
1697,Westcott ,V and W-class Destroyer ,United Kingdom ,1918 
1698,Westfalen ,No Classification ,Germany ,1905 
1699,Whale ,Gato-class Submarine ,United States ,1942 
1700,Whitehall ,V and W-class Destroyer ,United Kingdom ,1919 
1701,Wickes ,Fletcher-class Destroyer ,United States ,1942 
1702,Widder ,No Classification ,Germany ,1929 
1703,Wilhelm Bauer ,Wilhelm Bauer-class Submarine Tender ,Germany ,1938 
1704,Wilhelm Gustloff ,No Classification ,Germany , 
1705,Wisconsin ,Iowa-class Battleship ,United States ,1943 
1706,Wolf ,1924-class Motor Torpedo Boat ,Germany ,1927 
1707,Wolverine ,No Classification ,United States , 
1708,X-class Summary Information ,X-class Midget Submarine ,United Kingdom , 
1709,Yahagi ,Agano-class Light Cruiser ,Japan ,1942 
1710,Yamagumo ,Asashio-class Destroyer ,Japan ,1938 
1711,Yamashiro ,Fuso-class Battleship ,Japan ,1915 
1712,Yamato ,Yamato-class Battleship ,Japan ,1940 
1713,Yingrui ,Zhaohe-class Protected Cruiser ,China ,1911 
1714,York ,York-class Heavy Cruiser ,United Kingdom ,1928 
1715,Yorktown (Essex-class) ,Essex-class Aircraft Carrier ,United States ,1943 
1716,Yorktown (Yorktown-class) ,Yorktown-class Aircraft Carrier ,United States ,1936 
1717,Young ,Fletcher-class Destroyer ,United States ,1942 
1718,Yubari ,Yubari-class Light Cruiser ,Japan ,1923 
1719,Yugure ,Hatsuharu-class Destroyer ,Japan ,1934 
1720,Yukikaze ,Kagero-class Destroyer ,Japan ,1939 
1721,Yura ,Nagara-class Light Cruiser ,Japan ,1922 
1722,Yuzuki ,Mutsuki-class Destroyer ,Japan ,1927 
1723,Z1 Leberecht Maass ,1934-class Destroyer ,Germany ,1935 
1724,Z10 Hans Lody ,1934A-class Destroyer ,Germany ,1936 
1725,Z11 Bernd Von Arnim ,1934A-class Destroyer ,Germany ,1936 
1726,Z12 Erich Giese ,1934A-class Destroyer ,Germany ,1937 
1727,Z13 Erich Koellner ,1934A-class Destroyer ,Germany ,1937 
1728,Z14 Friedrich Ihn ,1934A-class Destroyer ,Germany ,1935 
1729,Z15 Erich Steinbrinck ,1934A-class Destroyer ,Germany ,1936 
1730,Z16 Friedrich Eckholdt ,1934A-class Destroyer ,Germany ,1937 
1731,Z17 Diether von Roeder ,1936-class Destroyer ,Germany ,1937 
1732,Z18 Hans Ludemann ,1936-class Destroyer ,Germany ,1937 
1733,Z19 Hermann Kunne ,1936-class Destroyer ,Germany ,1937 
1734,Z2 Georg Thiele ,1934-class Destroyer ,Germany ,1935 
1735,Z20 Karl Galster ,1936-class Destroyer ,Germany ,1938 
1736,Z21 Wilhelm Heidkamp ,1936-class Destroyer ,Germany ,1938 
1737,Z22 Anton Schmitt ,1936-class Destroyer ,Germany ,1938 
1738,Z23 ,1936A-class Destroyer ,Germany ,1939 
1739,Z24 ,1936A-class Destroyer ,Germany ,1940 
1740,Z25 ,1936A-class Destroyer ,Germany ,1940 
1741,Z26 ,1936A-class Destroyer ,Germany ,1940 
1742,Z27 ,1936A-class Destroyer ,Germany ,1940 
1743,Z28 ,1936A-class Destroyer ,Germany ,1940 
1744,Z29 ,1936A-class Destroyer ,Germany ,1940 
1745,Z3 Max Schultz ,1934-class Destroyer ,Germany ,1935 
1746,Z30 ,1936A-class Destroyer ,Germany ,1940 
1747,Z31 ,1936A (Mob)-class Destroyer ,Germany ,1941 
1748,Z32 ,1936A (Mob)-class Destroyer ,Germany ,1941 
1749,Z33 ,1936A (Mob)-class Destroyer ,Germany ,1941 
1750,Z34 ,1936A (Mob)-class Destroyer ,Germany ,1942 
1751,Z35 ,1936B-class Destroyer ,Germany ,1942 
1752,Z36 ,1936B-class Destroyer ,Germany ,1943 
1753,Z37 ,1936A (Mob)-class Destroyer ,Germany ,1942 
1754,Z38 ,1936A (Mob)-class Destroyer ,Germany ,1941 
1755,Z39 ,1936A (Mob)-class Destroyer ,Germany ,1941 
1756,Z4 Richard Beitzen ,1934-class Destroyer ,Germany ,1935 
1757,Z40 (Planned) ,1936B-class Destroyer ,Germany , 
1758,Z41 (Planned) ,1936B-class Destroyer ,Germany , 
1759,Z42 (Planned) ,1936B-class Destroyer ,Germany , 
1760,Z43 ,1936B-class Destroyer ,Germany ,1943 
1761,Z44 ,1936B-class Destroyer ,Germany ,1944 
1762,Z45 ,1936B-class Destroyer ,Germany , 
1763,Z46 ,1936C-class Destroyer ,Germany , 
1764,Z47 ,1936C-class Destroyer ,Germany , 
1765,Z48 (Planned) ,1936C-class Destroyer ,Germany , 
1766,Z49 (Planned) ,1936C-class Destroyer ,Germany , 
1767,Z5 Paul Jacobi ,1934A-class Destroyer ,Germany ,1936 
1768,Z50 (Planned) ,1936C-class Destroyer ,Germany , 
1769,Z51 ,1942-class Destroyer ,Germany ,1944 
1770,Z52 ,1944-class Destroyer ,Germany , 
1771,Z53 ,1944-class Destroyer ,Germany , 
1772,Z54 ,1944-class Destroyer ,Germany , 
1773,Z55 ,1944-class Destroyer ,Germany , 
1774,Z56 ,1944-class Destroyer ,Germany , 
1775,Z57 (Planned) ,1944-class Destroyer ,Germany , 
1776,Z58 (Planned) ,1944-class Destroyer ,Germany , 
1777,Z6 Theodor Riedel ,1934A-class Destroyer ,Germany ,1936 
1778,Z7 Hermann Schoemann ,1934A-class Destroyer ,Germany ,1936 
1779,Z8 Bruno Heinemann ,1934A-class Destroyer ,Germany ,1936 
1780,Z9 Wolfgang Zenker ,1934A-class Destroyer ,Germany ,1936 
1781,Zara ,Zara-class Heavy Cruiser ,Italy ,1930 
1782,Zhaohe ,Zhaohe-class Protected Cruiser ,China ,1911 
1783,Zuiho ,Zuiho-class Light Carrier ,Japan ,1936 
1784,Zuikaku ,Shokaku-class Aircraft Carrier ,Japan ,1939 
1785,A (Planned) ,No Classification ,Germany , 